latency_micros,cdf
89,0.03333333333333333
89,0.06666666666666667
92,0.1
93,0.13333333333333333
93,0.16666666666666666
94,0.2
94,0.23333333333333334
95,0.26666666666666666
97,0.3
98,0.3333333333333333
103,0.36666666666666664
103,0.4
104,0.43333333333333335
104,0.4666666666666667
107,0.5
108,0.5333333333333333
109,0.5666666666666667
110,0.6
110,0.6333333333333333
111,0.6666666666666666
111,0.7
112,0.7333333333333333
113,0.7666666666666667
114,0.8
115,0.8333333333333334
116,0.8666666666666667
117,0.9
117,0.9333333333333333
118,0.9666666666666667
120,1
