strategy,split,duration,trials,fork_rate,fork_ci_low,fork_ci_high,exposure_rate,exposure_ci_low,exposure_ci_high
CoxStyle,2,3,30,0.0000,0.0000,0.1135,0.0000,0.0000,0.1135
CoxStyle,2,6,30,0.0000,0.0000,0.1135,0.0000,0.0000,0.1135
CoxStyle,3,3,30,0.0000,0.0000,0.1135,0.0000,0.0000,0.1135
CoxStyle,3,6,30,0.0000,0.0000,0.1135,0.0000,0.0000,0.1135
CoxStyle,5,3,30,0.0000,0.0000,0.1135,0.0000,0.0000,0.1135
CoxStyle,5,6,30,0.0000,0.0000,0.1135,0.0000,0.0000,0.1135
HardFork,2,3,30,0.0000,0.0000,0.1135,0.0000,0.0000,0.1135
HardFork,2,6,30,0.0000,0.0000,0.1135,0.0000,0.0000,0.1135
HardFork,3,3,30,0.0000,0.0000,0.1135,0.0000,0.0000,0.1135
HardFork,3,6,30,0.0000,0.0000,0.1135,0.0000,0.0000,0.1135
HardFork,5,3,30,0.0000,0.0000,0.1135,1.0000,0.8865,1.0000
HardFork,5,6,30,0.0000,0.0000,0.1135,1.0000,0.8865,1.0000
Sage,2,3,30,0.0000,0.0000,0.1135,0.0000,0.0000,0.1135
Sage,2,6,30,0.0000,0.0000,0.1135,0.0000,0.0000,0.1135
Sage,3,3,30,0.0000,0.0000,0.1135,0.0000,0.0000,0.1135
Sage,3,6,30,0.0000,0.0000,0.1135,0.0000,0.0000,0.1135
Sage,5,3,30,0.0000,0.0000,0.1135,0.0000,0.0000,0.1135
Sage,5,6,30,0.0000,0.0000,0.1135,0.0000,0.0000,0.1135
SageBlind,2,3,30,0.0000,0.0000,0.1135,0.0000,0.0000,0.1135
SageBlind,2,6,30,0.0000,0.0000,0.1135,0.0000,0.0000,0.1135
SageBlind,3,3,30,0.0000,0.0000,0.1135,0.0000,0.0000,0.1135
SageBlind,3,6,30,0.0000,0.0000,0.1135,0.0000,0.0000,0.1135
SageBlind,5,3,30,0.0000,0.0000,0.1135,1.0000,0.8865,1.0000
SageBlind,5,6,30,0.0000,0.0000,0.1135,1.0000,0.8865,1.0000
