n,trials,mean_cutover_latency_micros,min_cutover_latency_micros,max_cutover_latency_micros,migration_rate,migration_ci_low,migration_ci_high,mean_finalized_blocks
4,20,99.2,74.0,139.0,1.0000,0.8389,1.0000,160.0
7,20,107.8,82.0,144.0,1.0000,0.8389,1.0000,280.0
10,20,116.7,95.0,145.0,1.0000,0.8389,1.0000,400.0
13,20,115.0,91.0,130.0,1.0000,0.8389,1.0000,520.0
16,20,107.7,94.0,121.0,1.0000,0.8389,1.0000,640.0
20,20,105.2,89.0,118.0,1.0000,0.8389,1.0000,800.0
25,20,108.3,96.0,117.0,1.0000,0.8389,1.0000,1000.0
31,20,108.8,92.0,121.0,1.0000,0.8389,1.0000,1240.0
50,20,103.8,95.0,117.0,1.0000,0.8389,1.0000,2000.0
100,20,104.5,98.0,111.0,1.0000,0.8389,1.0000,4000.0
