experiment,arm,strategy,commit_quorum,cutover_gate,n,f,h_c,partition_split,seed,observed_fork,max_finalized_height,migration_success,total_messages,forked_heights
m10_gate_isolation,A_sage,sage,safe_bft,n_minus_f,6,1,4,3,42,false,3,0,1509,heights=[]
m10_gate_isolation,B_blind_unsafe,sageblind,unsafe_2f_plus_1,none,6,1,4,3,42,true,8,6,323,heights=[]
m10_gate_isolation,C_blind_safe,sageblind,safe_bft,none,6,1,4,3,42,false,3,0,427,heights=[]
m10_gate_isolation,A_sage,sage,safe_bft,n_minus_f,6,1,4,3,43,false,3,0,1501,heights=[]
m10_gate_isolation,B_blind_unsafe,sageblind,unsafe_2f_plus_1,none,6,1,4,3,43,true,8,6,331,heights=[]
m10_gate_isolation,C_blind_safe,sageblind,safe_bft,none,6,1,4,3,43,false,3,0,425,heights=[]
m10_gate_isolation,A_sage,sage,safe_bft,n_minus_f,6,1,4,3,44,false,3,0,1501,heights=[]
m10_gate_isolation,B_blind_unsafe,sageblind,unsafe_2f_plus_1,none,6,1,4,3,44,true,8,6,317,heights=[]
m10_gate_isolation,C_blind_safe,sageblind,safe_bft,none,6,1,4,3,44,false,3,0,427,heights=[]
m10_gate_isolation,A_sage,sage,safe_bft,n_minus_f,6,1,4,3,45,false,3,0,1501,heights=[]
m10_gate_isolation,B_blind_unsafe,sageblind,unsafe_2f_plus_1,none,6,1,4,3,45,true,8,6,327,heights=[]
m10_gate_isolation,C_blind_safe,sageblind,safe_bft,none,6,1,4,3,45,false,3,0,496,heights=[]
m10_gate_isolation,A_sage,sage,safe_bft,n_minus_f,6,1,4,3,46,false,3,0,1503,heights=[]
m10_gate_isolation,B_blind_unsafe,sageblind,unsafe_2f_plus_1,none,6,1,4,3,46,true,8,6,321,heights=[]
m10_gate_isolation,C_blind_safe,sageblind,safe_bft,none,6,1,4,3,46,false,3,0,427,heights=[]
