strategy,run,n,h_c,observed_fork,migration_success
coxstyle,1,6,4,true,0
coxstyle,2,6,4,true,0
coxstyle,3,6,4,true,0
coxstyle,4,6,4,true,0
coxstyle,5,6,4,true,0
coxstyle,6,6,4,true,0
coxstyle,7,6,4,true,0
coxstyle,8,6,4,true,0
coxstyle,9,6,4,true,0
coxstyle,10,6,4,true,0
hardfork,1,6,4,true,0
hardfork,2,6,4,true,0
hardfork,3,6,4,true,0
hardfork,4,6,4,true,0
hardfork,5,6,4,true,0
hardfork,6,6,4,true,0
hardfork,7,6,4,true,0
hardfork,8,6,4,true,0
hardfork,9,6,4,true,0
hardfork,10,6,4,true,0
sage,1,6,4,false,0
sage,2,6,4,false,0
sage,3,6,4,false,0
sage,4,6,4,false,0
sage,5,6,4,false,0
sage,6,6,4,false,0
sage,7,6,4,false,0
sage,8,6,4,false,0
sage,9,6,4,false,0
sage,10,6,4,false,0
