profile,n,f,trial,migration_success,reached_height,target_height,observed_fork,total_messages
metro,10,3,1,10,8,8,false,1080
metro,10,3,2,10,8,8,false,1080
metro,10,3,3,10,8,8,false,1080
metro,16,5,1,15,8,8,false,2790
metro,16,5,2,15,8,8,false,2790
metro,16,5,3,15,8,8,false,2790
metro,22,7,1,20,8,8,false,4811
metro,22,7,2,20,8,8,false,4790
metro,22,7,3,20,8,8,false,4811
metro,31,10,1,29,8,8,false,12392
metro,31,10,2,29,8,8,false,12392
metro,31,10,3,29,8,8,false,12392
wan,10,3,1,7,8,8,false,2194
wan,10,3,2,10,8,8,false,1854
wan,10,3,3,7,8,8,false,2240
wan,16,5,1,16,8,8,false,7261
wan,16,5,2,16,8,8,false,8144
wan,16,5,3,16,8,8,false,5031
wan,22,7,1,22,8,8,false,12401
wan,22,7,2,22,8,8,false,12401
wan,22,7,3,22,8,8,false,14375
wan,31,10,1,1,8,8,false,25722
wan,31,10,2,1,8,8,false,25722
wan,31,10,3,1,8,8,false,25722
