experiment,n,strategy,validator_id,region,committed_height,wall_ms,cutover_height,migration_success,has_cutover_cert,observed_fork,total_txs,committed_tps,inter_commit_p50_micros,inter_commit_p95_micros,inter_commit_p99_micros,inter_commit_max_micros,cutover_gap_micros
multihost,6,sage,0,oci-sg-ad1,8,2158,4,true,true,false,1600,741.333,24560,504645,504645,504645,10088
multihost,6,sage,1,oci-sg-ad1,8,2021,4,true,true,false,1600,791.648,23165,504861,504861,504861,10118
multihost,6,sage,2,oci-sg-ad1,8,2055,4,true,true,false,1600,778.709,25800,508843,508843,508843,10093
multihost,6,sage,3,oci-sg-ad1,8,2050,4,true,true,false,1600,780.347,24762,496678,496678,496678,11585
multihost,6,sage,4,oci-sg-ad1,8,2028,4,true,true,false,1600,788.991,23037,507718,507718,507718,10086
multihost,6,sage,5,oci-sg-ad1,8,2048,4,true,true,false,1600,781.142,21675,509242,509242,509242,11550
multihost,6,hardfork,0,oci-sg-ad1,8,2008,4,true,true,false,1600,797.004,33148,494690,494690,494690,10088
multihost,6,hardfork,1,oci-sg-ad1,8,2021,4,true,true,false,1600,791.703,23258,506309,506309,506309,10114
multihost,6,hardfork,2,oci-sg-ad1,8,2045,4,true,true,false,1600,782.507,25757,496017,496017,496017,10086
multihost,6,hardfork,3,oci-sg-ad1,8,2040,4,true,true,false,1600,784.269,24807,496613,496613,496613,11583
multihost,6,hardfork,4,oci-sg-ad1,8,2008,4,true,true,false,1600,796.882,21637,497708,497708,497708,11616
multihost,6,hardfork,5,oci-sg-ad1,8,2037,4,true,true,false,1600,785.285,21728,509003,509003,509003,11579
multihost,6,coxstyle,0,oci-sg-ad1,8,2046,4,true,true,false,1600,781.868,21677,484517,484517,484517,10088
multihost,6,coxstyle,1,oci-sg-ad1,8,1999,4,true,true,false,1600,800.325,23350,484537,484537,484537,10116
multihost,6,coxstyle,2,oci-sg-ad1,8,2011,4,true,true,false,1600,795.452,25811,489236,489236,489236,10093
multihost,6,coxstyle,3,oci-sg-ad1,8,2039,4,true,true,false,1600,784.880,24871,484535,484535,484535,11585
multihost,6,coxstyle,4,oci-sg-ad1,8,2046,4,true,true,false,1600,781.963,23038,494616,494616,494616,10092
multihost,6,coxstyle,5,oci-sg-ad1,8,2014,4,true,true,false,1600,794.377,23072,484599,484599,484599,10088
