strategy,seed,run_status,finalized_blocks,max_finalized_height,safety_violation,downtime_micros,finality_gap,cutover_latency_micros
Sage,0,completed,800,40,false,118,0,109
Sage,1,completed,800,40,false,119,0,112
Sage,2,completed,800,40,false,122,0,110
Sage,3,completed,800,40,false,119,0,108
Sage,4,completed,800,40,false,120,0,89
Sage,5,completed,800,40,false,124,0,104
Sage,6,completed,800,40,false,120,0,118
Sage,7,completed,800,40,false,124,0,94
Sage,8,completed,800,40,false,122,0,93
Sage,9,completed,800,40,false,118,0,114
Sage,10,completed,800,40,false,125,0,104
Sage,11,completed,800,40,false,124,0,107
Sage,12,completed,800,40,false,131,0,97
Sage,13,completed,800,40,false,120,0,95
Sage,14,completed,800,40,false,120,0,117
Sage,15,completed,800,40,false,132,0,110
Sage,16,completed,800,40,false,124,0,115
Sage,17,completed,800,40,false,118,0,111
Sage,18,completed,800,40,false,116,0,94
Sage,19,completed,800,40,false,122,0,103
Sage,20,completed,800,40,false,117,0,98
Sage,21,completed,800,40,false,134,0,113
Sage,22,completed,800,40,false,122,0,111
Sage,23,completed,800,40,false,141,0,120
Sage,24,completed,800,40,false,120,0,89
Sage,25,completed,800,40,false,116,0,92
Sage,26,completed,800,40,false,132,0,117
Sage,27,completed,800,40,false,121,0,116
Sage,28,completed,800,40,false,114,0,93
Sage,29,completed,800,40,false,123,0,103
StopTheWorld,0,completed,800,40,false,8101,0,0
StopTheWorld,1,completed,800,40,false,8119,0,0
StopTheWorld,2,completed,800,40,false,8099,0,0
StopTheWorld,3,completed,800,40,false,8097,0,0
StopTheWorld,4,completed,800,40,false,8101,0,0
StopTheWorld,5,completed,800,40,false,8111,0,0
StopTheWorld,6,completed,800,40,false,8105,0,0
StopTheWorld,7,completed,800,40,false,8108,0,0
StopTheWorld,8,completed,800,40,false,8120,0,0
StopTheWorld,9,completed,800,40,false,8105,0,0
StopTheWorld,10,completed,800,40,false,8119,0,0
StopTheWorld,11,completed,800,40,false,8089,0,0
StopTheWorld,12,completed,800,40,false,8125,0,0
StopTheWorld,13,completed,800,40,false,8096,0,0
StopTheWorld,14,completed,800,40,false,8104,0,0
StopTheWorld,15,completed,800,40,false,8096,0,0
StopTheWorld,16,completed,800,40,false,8113,0,0
StopTheWorld,17,completed,800,40,false,8104,0,0
StopTheWorld,18,completed,800,40,false,8118,0,0
StopTheWorld,19,completed,800,40,false,8110,0,0
StopTheWorld,20,completed,800,40,false,8110,0,0
StopTheWorld,21,completed,800,40,false,8127,0,0
StopTheWorld,22,completed,800,40,false,8104,0,0
StopTheWorld,23,completed,800,40,false,8102,0,0
StopTheWorld,24,completed,800,40,false,8116,0,0
StopTheWorld,25,completed,800,40,false,8101,0,0
StopTheWorld,26,completed,800,40,false,8095,0,0
StopTheWorld,27,completed,800,40,false,8091,0,0
StopTheWorld,28,completed,800,40,false,8105,0,0
StopTheWorld,29,completed,800,40,false,8103,0,0
HardFork,0,completed,800,40,false,118,0,0
HardFork,1,completed,800,40,false,119,0,0
HardFork,2,completed,800,40,false,122,0,0
HardFork,3,completed,800,40,false,119,0,0
HardFork,4,completed,800,40,false,120,0,0
HardFork,5,completed,800,40,false,124,0,0
HardFork,6,completed,800,40,false,120,0,0
HardFork,7,completed,800,40,false,124,0,0
HardFork,8,completed,800,40,false,122,0,0
HardFork,9,completed,800,40,false,118,0,0
HardFork,10,completed,800,40,false,125,0,0
HardFork,11,completed,800,40,false,124,0,0
HardFork,12,completed,800,40,false,131,0,0
HardFork,13,completed,800,40,false,120,0,0
HardFork,14,completed,800,40,false,120,0,0
HardFork,15,completed,800,40,false,132,0,0
HardFork,16,completed,800,40,false,124,0,0
HardFork,17,completed,800,40,false,118,0,0
HardFork,18,completed,800,40,false,116,0,0
HardFork,19,completed,800,40,false,122,0,0
HardFork,20,completed,800,40,false,117,0,0
HardFork,21,completed,800,40,false,134,0,0
HardFork,22,completed,800,40,false,122,0,0
HardFork,23,completed,800,40,false,141,0,0
HardFork,24,completed,800,40,false,120,0,0
HardFork,25,completed,800,40,false,116,0,0
HardFork,26,completed,800,40,false,132,0,0
HardFork,27,completed,800,40,false,121,0,0
HardFork,28,completed,800,40,false,114,0,0
HardFork,29,completed,800,40,false,123,0,0
ReconfigOnly,0,completed,800,40,false,112,0,0
ReconfigOnly,1,completed,800,40,false,117,0,0
ReconfigOnly,2,completed,800,40,false,114,0,0
ReconfigOnly,3,completed,800,40,false,117,0,0
ReconfigOnly,4,completed,800,40,false,111,0,0
ReconfigOnly,5,completed,800,40,false,117,0,0
ReconfigOnly,6,completed,800,40,false,121,0,0
ReconfigOnly,7,completed,800,40,false,110,0,0
ReconfigOnly,8,completed,800,40,false,111,0,0
ReconfigOnly,9,completed,800,40,false,118,0,0
ReconfigOnly,10,completed,800,40,false,116,0,0
ReconfigOnly,11,completed,800,40,false,117,0,0
ReconfigOnly,12,completed,800,40,false,131,0,0
ReconfigOnly,13,completed,800,40,false,115,0,0
ReconfigOnly,14,completed,800,40,false,120,0,0
ReconfigOnly,15,completed,800,40,false,114,0,0
ReconfigOnly,16,completed,800,40,false,116,0,0
ReconfigOnly,17,completed,800,40,false,112,0,0
ReconfigOnly,18,completed,800,40,false,114,0,0
ReconfigOnly,19,completed,800,40,false,112,0,0
ReconfigOnly,20,completed,800,40,false,117,0,0
ReconfigOnly,21,completed,800,40,false,122,0,0
ReconfigOnly,22,completed,800,40,false,112,0,0
ReconfigOnly,23,completed,800,40,false,119,0,0
ReconfigOnly,24,completed,800,40,false,120,0,0
ReconfigOnly,25,completed,800,40,false,116,0,0
ReconfigOnly,26,completed,800,40,false,117,0,0
ReconfigOnly,27,completed,800,40,false,121,0,0
ReconfigOnly,28,completed,800,40,false,114,0,0
ReconfigOnly,29,completed,800,40,false,120,0,0
CoxStyle,0,completed,800,40,false,118,0,0
CoxStyle,1,completed,800,40,false,119,0,0
CoxStyle,2,completed,800,40,false,122,0,0
CoxStyle,3,completed,800,40,false,119,0,0
CoxStyle,4,completed,800,40,false,120,0,0
CoxStyle,5,completed,800,40,false,124,0,0
CoxStyle,6,completed,800,40,false,120,0,0
CoxStyle,7,completed,800,40,false,124,0,0
CoxStyle,8,completed,800,40,false,122,0,0
CoxStyle,9,completed,800,40,false,118,0,0
CoxStyle,10,completed,800,40,false,125,0,0
CoxStyle,11,completed,800,40,false,124,0,0
CoxStyle,12,completed,800,40,false,131,0,0
CoxStyle,13,completed,800,40,false,120,0,0
CoxStyle,14,completed,800,40,false,120,0,0
CoxStyle,15,completed,800,40,false,132,0,0
CoxStyle,16,completed,800,40,false,124,0,0
CoxStyle,17,completed,800,40,false,118,0,0
CoxStyle,18,completed,800,40,false,116,0,0
CoxStyle,19,completed,800,40,false,122,0,0
CoxStyle,20,completed,800,40,false,117,0,0
CoxStyle,21,completed,800,40,false,134,0,0
CoxStyle,22,completed,800,40,false,122,0,0
CoxStyle,23,completed,800,40,false,141,0,0
CoxStyle,24,completed,800,40,false,120,0,0
CoxStyle,25,completed,800,40,false,116,0,0
CoxStyle,26,completed,800,40,false,132,0,0
CoxStyle,27,completed,800,40,false,121,0,0
CoxStyle,28,completed,800,40,false,114,0,0
CoxStyle,29,completed,800,40,false,123,0,0
