experiment,strategy,seed,n,f,partition_split,partition_duration_blocks,finalized_blocks,safety_violation,migration_success,max_finalized_height,run_status,disjoint_quorum_windows
rq2,Sage,0,10,2,2,3,148,false,true,15,ok,0
rq2,Sage,1,10,2,2,3,148,false,true,15,ok,0
rq2,Sage,2,10,2,2,3,148,false,true,15,ok,0
rq2,Sage,3,10,2,2,3,148,false,true,15,ok,0
rq2,Sage,4,10,2,2,3,148,false,true,15,ok,0
rq2,Sage,5,10,2,2,3,148,false,true,15,ok,0
rq2,Sage,6,10,2,2,3,148,false,true,15,ok,0
rq2,Sage,7,10,2,2,3,148,false,true,15,ok,0
rq2,Sage,8,10,2,2,3,148,false,true,15,ok,0
rq2,Sage,9,10,2,2,3,148,false,true,15,ok,0
rq2,Sage,10,10,2,2,3,148,false,true,15,ok,0
rq2,Sage,11,10,2,2,3,148,false,true,15,ok,0
rq2,Sage,12,10,2,2,3,148,false,true,15,ok,0
rq2,Sage,13,10,2,2,3,148,false,true,15,ok,0
rq2,Sage,14,10,2,2,3,148,false,true,15,ok,0
rq2,Sage,15,10,2,2,3,148,false,true,15,ok,0
rq2,Sage,16,10,2,2,3,148,false,true,15,ok,0
rq2,Sage,17,10,2,2,3,148,false,true,15,ok,0
rq2,Sage,18,10,2,2,3,148,false,true,15,ok,0
rq2,Sage,19,10,2,2,3,148,false,true,15,ok,0
rq2,Sage,20,10,2,2,3,148,false,true,15,ok,0
rq2,Sage,21,10,2,2,3,148,false,true,15,ok,0
rq2,Sage,22,10,2,2,3,148,false,true,15,ok,0
rq2,Sage,23,10,2,2,3,148,false,true,15,ok,0
rq2,Sage,24,10,2,2,3,148,false,true,15,ok,0
rq2,Sage,25,10,2,2,3,148,false,true,15,ok,0
rq2,Sage,26,10,2,2,3,148,false,true,15,ok,0
rq2,Sage,27,10,2,2,3,148,false,true,15,ok,0
rq2,Sage,28,10,2,2,3,148,false,true,15,ok,0
rq2,Sage,29,10,2,2,3,148,false,true,15,ok,0
rq2,Sage,0,10,2,2,6,148,false,true,15,ok,0
rq2,Sage,1,10,2,2,6,148,false,true,15,ok,0
rq2,Sage,2,10,2,2,6,148,false,true,15,ok,0
rq2,Sage,3,10,2,2,6,148,false,true,15,ok,0
rq2,Sage,4,10,2,2,6,148,false,true,15,ok,0
rq2,Sage,5,10,2,2,6,148,false,true,15,ok,0
rq2,Sage,6,10,2,2,6,148,false,true,15,ok,0
rq2,Sage,7,10,2,2,6,148,false,true,15,ok,0
rq2,Sage,8,10,2,2,6,148,false,true,15,ok,0
rq2,Sage,9,10,2,2,6,148,false,true,15,ok,0
rq2,Sage,10,10,2,2,6,148,false,true,15,ok,0
rq2,Sage,11,10,2,2,6,148,false,true,15,ok,0
rq2,Sage,12,10,2,2,6,148,false,true,15,ok,0
rq2,Sage,13,10,2,2,6,148,false,true,15,ok,0
rq2,Sage,14,10,2,2,6,148,false,true,15,ok,0
rq2,Sage,15,10,2,2,6,148,false,true,15,ok,0
rq2,Sage,16,10,2,2,6,148,false,true,15,ok,0
rq2,Sage,17,10,2,2,6,148,false,true,15,ok,0
rq2,Sage,18,10,2,2,6,148,false,true,15,ok,0
rq2,Sage,19,10,2,2,6,148,false,true,15,ok,0
rq2,Sage,20,10,2,2,6,148,false,true,15,ok,0
rq2,Sage,21,10,2,2,6,148,false,true,15,ok,0
rq2,Sage,22,10,2,2,6,148,false,true,15,ok,0
rq2,Sage,23,10,2,2,6,148,false,true,15,ok,0
rq2,Sage,24,10,2,2,6,148,false,true,15,ok,0
rq2,Sage,25,10,2,2,6,148,false,true,15,ok,0
rq2,Sage,26,10,2,2,6,148,false,true,15,ok,0
rq2,Sage,27,10,2,2,6,148,false,true,15,ok,0
rq2,Sage,28,10,2,2,6,148,false,true,15,ok,0
rq2,Sage,29,10,2,2,6,148,false,true,15,ok,0
rq2,Sage,0,10,2,3,3,147,false,true,15,ok,0
rq2,Sage,1,10,2,3,3,147,false,true,15,ok,0
rq2,Sage,2,10,2,3,3,147,false,true,15,ok,0
rq2,Sage,3,10,2,3,3,147,false,true,15,ok,0
rq2,Sage,4,10,2,3,3,147,false,true,15,ok,0
rq2,Sage,5,10,2,3,3,147,false,true,15,ok,0
rq2,Sage,6,10,2,3,3,147,false,true,15,ok,0
rq2,Sage,7,10,2,3,3,147,false,true,15,ok,0
rq2,Sage,8,10,2,3,3,147,false,true,15,ok,0
rq2,Sage,9,10,2,3,3,147,false,true,15,ok,0
rq2,Sage,10,10,2,3,3,147,false,true,15,ok,0
rq2,Sage,11,10,2,3,3,147,false,true,15,ok,0
rq2,Sage,12,10,2,3,3,147,false,true,15,ok,0
rq2,Sage,13,10,2,3,3,147,false,true,15,ok,0
rq2,Sage,14,10,2,3,3,147,false,true,15,ok,0
rq2,Sage,15,10,2,3,3,147,false,true,15,ok,0
rq2,Sage,16,10,2,3,3,147,false,true,15,ok,0
rq2,Sage,17,10,2,3,3,147,false,true,15,ok,0
rq2,Sage,18,10,2,3,3,147,false,true,15,ok,0
rq2,Sage,19,10,2,3,3,147,false,true,15,ok,0
rq2,Sage,20,10,2,3,3,147,false,true,15,ok,0
rq2,Sage,21,10,2,3,3,147,false,true,15,ok,0
rq2,Sage,22,10,2,3,3,147,false,true,15,ok,0
rq2,Sage,23,10,2,3,3,147,false,true,15,ok,0
rq2,Sage,24,10,2,3,3,147,false,true,15,ok,0
rq2,Sage,25,10,2,3,3,147,false,true,15,ok,0
rq2,Sage,26,10,2,3,3,147,false,true,15,ok,0
rq2,Sage,27,10,2,3,3,147,false,true,15,ok,0
rq2,Sage,28,10,2,3,3,147,false,true,15,ok,0
rq2,Sage,29,10,2,3,3,147,false,true,15,ok,0
rq2,Sage,0,10,2,3,6,147,false,true,15,ok,0
rq2,Sage,1,10,2,3,6,147,false,true,15,ok,0
rq2,Sage,2,10,2,3,6,147,false,true,15,ok,0
rq2,Sage,3,10,2,3,6,147,false,true,15,ok,0
rq2,Sage,4,10,2,3,6,147,false,true,15,ok,0
rq2,Sage,5,10,2,3,6,147,false,true,15,ok,0
rq2,Sage,6,10,2,3,6,147,false,true,15,ok,0
rq2,Sage,7,10,2,3,6,147,false,true,15,ok,0
rq2,Sage,8,10,2,3,6,147,false,true,15,ok,0
rq2,Sage,9,10,2,3,6,147,false,true,15,ok,0
rq2,Sage,10,10,2,3,6,147,false,true,15,ok,0
rq2,Sage,11,10,2,3,6,147,false,true,15,ok,0
rq2,Sage,12,10,2,3,6,147,false,true,15,ok,0
rq2,Sage,13,10,2,3,6,147,false,true,15,ok,0
rq2,Sage,14,10,2,3,6,147,false,true,15,ok,0
rq2,Sage,15,10,2,3,6,147,false,true,15,ok,0
rq2,Sage,16,10,2,3,6,147,false,true,15,ok,0
rq2,Sage,17,10,2,3,6,147,false,true,15,ok,0
rq2,Sage,18,10,2,3,6,147,false,true,15,ok,0
rq2,Sage,19,10,2,3,6,147,false,true,15,ok,0
rq2,Sage,20,10,2,3,6,147,false,true,15,ok,0
rq2,Sage,21,10,2,3,6,147,false,true,15,ok,0
rq2,Sage,22,10,2,3,6,147,false,true,15,ok,0
rq2,Sage,23,10,2,3,6,147,false,true,15,ok,0
rq2,Sage,24,10,2,3,6,147,false,true,15,ok,0
rq2,Sage,25,10,2,3,6,147,false,true,15,ok,0
rq2,Sage,26,10,2,3,6,147,false,true,15,ok,0
rq2,Sage,27,10,2,3,6,147,false,true,15,ok,0
rq2,Sage,28,10,2,3,6,147,false,true,15,ok,0
rq2,Sage,29,10,2,3,6,147,false,true,15,ok,0
rq2,Sage,0,10,2,5,3,145,false,true,15,ok,0
rq2,Sage,1,10,2,5,3,145,false,true,15,ok,0
rq2,Sage,2,10,2,5,3,145,false,true,15,ok,0
rq2,Sage,3,10,2,5,3,145,false,true,15,ok,0
rq2,Sage,4,10,2,5,3,145,false,true,15,ok,0
rq2,Sage,5,10,2,5,3,145,false,true,15,ok,0
rq2,Sage,6,10,2,5,3,145,false,true,15,ok,0
rq2,Sage,7,10,2,5,3,145,false,true,15,ok,0
rq2,Sage,8,10,2,5,3,145,false,true,15,ok,0
rq2,Sage,9,10,2,5,3,145,false,true,15,ok,0
rq2,Sage,10,10,2,5,3,145,false,true,15,ok,0
rq2,Sage,11,10,2,5,3,145,false,true,15,ok,0
rq2,Sage,12,10,2,5,3,145,false,true,15,ok,0
rq2,Sage,13,10,2,5,3,145,false,true,15,ok,0
rq2,Sage,14,10,2,5,3,145,false,true,15,ok,0
rq2,Sage,15,10,2,5,3,145,false,true,15,ok,0
rq2,Sage,16,10,2,5,3,145,false,true,15,ok,0
rq2,Sage,17,10,2,5,3,145,false,true,15,ok,0
rq2,Sage,18,10,2,5,3,145,false,true,15,ok,0
rq2,Sage,19,10,2,5,3,145,false,true,15,ok,0
rq2,Sage,20,10,2,5,3,145,false,true,15,ok,0
rq2,Sage,21,10,2,5,3,145,false,true,15,ok,0
rq2,Sage,22,10,2,5,3,145,false,true,15,ok,0
rq2,Sage,23,10,2,5,3,145,false,true,15,ok,0
rq2,Sage,24,10,2,5,3,145,false,true,15,ok,0
rq2,Sage,25,10,2,5,3,145,false,true,15,ok,0
rq2,Sage,26,10,2,5,3,145,false,true,15,ok,0
rq2,Sage,27,10,2,5,3,145,false,true,15,ok,0
rq2,Sage,28,10,2,5,3,145,false,true,15,ok,0
rq2,Sage,29,10,2,5,3,145,false,true,15,ok,0
rq2,Sage,0,10,2,5,6,145,false,true,15,ok,0
rq2,Sage,1,10,2,5,6,145,false,true,15,ok,0
rq2,Sage,2,10,2,5,6,145,false,true,15,ok,0
rq2,Sage,3,10,2,5,6,145,false,true,15,ok,0
rq2,Sage,4,10,2,5,6,145,false,true,15,ok,0
rq2,Sage,5,10,2,5,6,145,false,true,15,ok,0
rq2,Sage,6,10,2,5,6,145,false,true,15,ok,0
rq2,Sage,7,10,2,5,6,145,false,true,15,ok,0
rq2,Sage,8,10,2,5,6,145,false,true,15,ok,0
rq2,Sage,9,10,2,5,6,145,false,true,15,ok,0
rq2,Sage,10,10,2,5,6,145,false,true,15,ok,0
rq2,Sage,11,10,2,5,6,145,false,true,15,ok,0
rq2,Sage,12,10,2,5,6,145,false,true,15,ok,0
rq2,Sage,13,10,2,5,6,145,false,true,15,ok,0
rq2,Sage,14,10,2,5,6,145,false,true,15,ok,0
rq2,Sage,15,10,2,5,6,145,false,true,15,ok,0
rq2,Sage,16,10,2,5,6,145,false,true,15,ok,0
rq2,Sage,17,10,2,5,6,145,false,true,15,ok,0
rq2,Sage,18,10,2,5,6,145,false,true,15,ok,0
rq2,Sage,19,10,2,5,6,145,false,true,15,ok,0
rq2,Sage,20,10,2,5,6,145,false,true,15,ok,0
rq2,Sage,21,10,2,5,6,145,false,true,15,ok,0
rq2,Sage,22,10,2,5,6,145,false,true,15,ok,0
rq2,Sage,23,10,2,5,6,145,false,true,15,ok,0
rq2,Sage,24,10,2,5,6,145,false,true,15,ok,0
rq2,Sage,25,10,2,5,6,145,false,true,15,ok,0
rq2,Sage,26,10,2,5,6,145,false,true,15,ok,0
rq2,Sage,27,10,2,5,6,145,false,true,15,ok,0
rq2,Sage,28,10,2,5,6,145,false,true,15,ok,0
rq2,Sage,29,10,2,5,6,145,false,true,15,ok,0
rq2,HardFork,0,10,2,2,3,148,false,true,15,ok,0
rq2,HardFork,1,10,2,2,3,148,false,true,15,ok,0
rq2,HardFork,2,10,2,2,3,148,false,true,15,ok,0
rq2,HardFork,3,10,2,2,3,148,false,true,15,ok,0
rq2,HardFork,4,10,2,2,3,148,false,true,15,ok,0
rq2,HardFork,5,10,2,2,3,148,false,true,15,ok,0
rq2,HardFork,6,10,2,2,3,148,false,true,15,ok,0
rq2,HardFork,7,10,2,2,3,148,false,true,15,ok,0
rq2,HardFork,8,10,2,2,3,148,false,true,15,ok,0
rq2,HardFork,9,10,2,2,3,148,false,true,15,ok,0
rq2,HardFork,10,10,2,2,3,148,false,true,15,ok,0
rq2,HardFork,11,10,2,2,3,148,false,true,15,ok,0
rq2,HardFork,12,10,2,2,3,148,false,true,15,ok,0
rq2,HardFork,13,10,2,2,3,148,false,true,15,ok,0
rq2,HardFork,14,10,2,2,3,148,false,true,15,ok,0
rq2,HardFork,15,10,2,2,3,148,false,true,15,ok,0
rq2,HardFork,16,10,2,2,3,148,false,true,15,ok,0
rq2,HardFork,17,10,2,2,3,148,false,true,15,ok,0
rq2,HardFork,18,10,2,2,3,148,false,true,15,ok,0
rq2,HardFork,19,10,2,2,3,148,false,true,15,ok,0
rq2,HardFork,20,10,2,2,3,148,false,true,15,ok,0
rq2,HardFork,21,10,2,2,3,148,false,true,15,ok,0
rq2,HardFork,22,10,2,2,3,148,false,true,15,ok,0
rq2,HardFork,23,10,2,2,3,148,false,true,15,ok,0
rq2,HardFork,24,10,2,2,3,148,false,true,15,ok,0
rq2,HardFork,25,10,2,2,3,148,false,true,15,ok,0
rq2,HardFork,26,10,2,2,3,148,false,true,15,ok,0
rq2,HardFork,27,10,2,2,3,148,false,true,15,ok,0
rq2,HardFork,28,10,2,2,3,148,false,true,15,ok,0
rq2,HardFork,29,10,2,2,3,148,false,true,15,ok,0
rq2,HardFork,0,10,2,2,6,148,false,true,15,ok,0
rq2,HardFork,1,10,2,2,6,148,false,true,15,ok,0
rq2,HardFork,2,10,2,2,6,148,false,true,15,ok,0
rq2,HardFork,3,10,2,2,6,148,false,true,15,ok,0
rq2,HardFork,4,10,2,2,6,148,false,true,15,ok,0
rq2,HardFork,5,10,2,2,6,148,false,true,15,ok,0
rq2,HardFork,6,10,2,2,6,148,false,true,15,ok,0
rq2,HardFork,7,10,2,2,6,148,false,true,15,ok,0
rq2,HardFork,8,10,2,2,6,148,false,true,15,ok,0
rq2,HardFork,9,10,2,2,6,148,false,true,15,ok,0
rq2,HardFork,10,10,2,2,6,148,false,true,15,ok,0
rq2,HardFork,11,10,2,2,6,148,false,true,15,ok,0
rq2,HardFork,12,10,2,2,6,148,false,true,15,ok,0
rq2,HardFork,13,10,2,2,6,148,false,true,15,ok,0
rq2,HardFork,14,10,2,2,6,148,false,true,15,ok,0
rq2,HardFork,15,10,2,2,6,148,false,true,15,ok,0
rq2,HardFork,16,10,2,2,6,148,false,true,15,ok,0
rq2,HardFork,17,10,2,2,6,148,false,true,15,ok,0
rq2,HardFork,18,10,2,2,6,148,false,true,15,ok,0
rq2,HardFork,19,10,2,2,6,148,false,true,15,ok,0
rq2,HardFork,20,10,2,2,6,148,false,true,15,ok,0
rq2,HardFork,21,10,2,2,6,148,false,true,15,ok,0
rq2,HardFork,22,10,2,2,6,148,false,true,15,ok,0
rq2,HardFork,23,10,2,2,6,148,false,true,15,ok,0
rq2,HardFork,24,10,2,2,6,148,false,true,15,ok,0
rq2,HardFork,25,10,2,2,6,148,false,true,15,ok,0
rq2,HardFork,26,10,2,2,6,148,false,true,15,ok,0
rq2,HardFork,27,10,2,2,6,148,false,true,15,ok,0
rq2,HardFork,28,10,2,2,6,148,false,true,15,ok,0
rq2,HardFork,29,10,2,2,6,148,false,true,15,ok,0
rq2,HardFork,0,10,2,3,3,147,false,true,15,ok,0
rq2,HardFork,1,10,2,3,3,147,false,true,15,ok,0
rq2,HardFork,2,10,2,3,3,147,false,true,15,ok,0
rq2,HardFork,3,10,2,3,3,147,false,true,15,ok,0
rq2,HardFork,4,10,2,3,3,147,false,true,15,ok,0
rq2,HardFork,5,10,2,3,3,147,false,true,15,ok,0
rq2,HardFork,6,10,2,3,3,147,false,true,15,ok,0
rq2,HardFork,7,10,2,3,3,147,false,true,15,ok,0
rq2,HardFork,8,10,2,3,3,147,false,true,15,ok,0
rq2,HardFork,9,10,2,3,3,147,false,true,15,ok,0
rq2,HardFork,10,10,2,3,3,147,false,true,15,ok,0
rq2,HardFork,11,10,2,3,3,147,false,true,15,ok,0
rq2,HardFork,12,10,2,3,3,147,false,true,15,ok,0
rq2,HardFork,13,10,2,3,3,147,false,true,15,ok,0
rq2,HardFork,14,10,2,3,3,147,false,true,15,ok,0
rq2,HardFork,15,10,2,3,3,147,false,true,15,ok,0
rq2,HardFork,16,10,2,3,3,147,false,true,15,ok,0
rq2,HardFork,17,10,2,3,3,147,false,true,15,ok,0
rq2,HardFork,18,10,2,3,3,147,false,true,15,ok,0
rq2,HardFork,19,10,2,3,3,147,false,true,15,ok,0
rq2,HardFork,20,10,2,3,3,147,false,true,15,ok,0
rq2,HardFork,21,10,2,3,3,147,false,true,15,ok,0
rq2,HardFork,22,10,2,3,3,147,false,true,15,ok,0
rq2,HardFork,23,10,2,3,3,147,false,true,15,ok,0
rq2,HardFork,24,10,2,3,3,147,false,true,15,ok,0
rq2,HardFork,25,10,2,3,3,147,false,true,15,ok,0
rq2,HardFork,26,10,2,3,3,147,false,true,15,ok,0
rq2,HardFork,27,10,2,3,3,147,false,true,15,ok,0
rq2,HardFork,28,10,2,3,3,147,false,true,15,ok,0
rq2,HardFork,29,10,2,3,3,147,false,true,15,ok,0
rq2,HardFork,0,10,2,3,6,147,false,true,15,ok,0
rq2,HardFork,1,10,2,3,6,147,false,true,15,ok,0
rq2,HardFork,2,10,2,3,6,147,false,true,15,ok,0
rq2,HardFork,3,10,2,3,6,147,false,true,15,ok,0
rq2,HardFork,4,10,2,3,6,147,false,true,15,ok,0
rq2,HardFork,5,10,2,3,6,147,false,true,15,ok,0
rq2,HardFork,6,10,2,3,6,147,false,true,15,ok,0
rq2,HardFork,7,10,2,3,6,147,false,true,15,ok,0
rq2,HardFork,8,10,2,3,6,147,false,true,15,ok,0
rq2,HardFork,9,10,2,3,6,147,false,true,15,ok,0
rq2,HardFork,10,10,2,3,6,147,false,true,15,ok,0
rq2,HardFork,11,10,2,3,6,147,false,true,15,ok,0
rq2,HardFork,12,10,2,3,6,147,false,true,15,ok,0
rq2,HardFork,13,10,2,3,6,147,false,true,15,ok,0
rq2,HardFork,14,10,2,3,6,147,false,true,15,ok,0
rq2,HardFork,15,10,2,3,6,147,false,true,15,ok,0
rq2,HardFork,16,10,2,3,6,147,false,true,15,ok,0
rq2,HardFork,17,10,2,3,6,147,false,true,15,ok,0
rq2,HardFork,18,10,2,3,6,147,false,true,15,ok,0
rq2,HardFork,19,10,2,3,6,147,false,true,15,ok,0
rq2,HardFork,20,10,2,3,6,147,false,true,15,ok,0
rq2,HardFork,21,10,2,3,6,147,false,true,15,ok,0
rq2,HardFork,22,10,2,3,6,147,false,true,15,ok,0
rq2,HardFork,23,10,2,3,6,147,false,true,15,ok,0
rq2,HardFork,24,10,2,3,6,147,false,true,15,ok,0
rq2,HardFork,25,10,2,3,6,147,false,true,15,ok,0
rq2,HardFork,26,10,2,3,6,147,false,true,15,ok,0
rq2,HardFork,27,10,2,3,6,147,false,true,15,ok,0
rq2,HardFork,28,10,2,3,6,147,false,true,15,ok,0
rq2,HardFork,29,10,2,3,6,147,false,true,15,ok,0
rq2,HardFork,0,10,2,5,3,145,false,true,15,ok,1
rq2,HardFork,1,10,2,5,3,145,false,true,15,ok,1
rq2,HardFork,2,10,2,5,3,145,false,true,15,ok,1
rq2,HardFork,3,10,2,5,3,145,false,true,15,ok,1
rq2,HardFork,4,10,2,5,3,145,false,true,15,ok,1
rq2,HardFork,5,10,2,5,3,145,false,true,15,ok,1
rq2,HardFork,6,10,2,5,3,145,false,true,15,ok,1
rq2,HardFork,7,10,2,5,3,145,false,true,15,ok,1
rq2,HardFork,8,10,2,5,3,145,false,true,15,ok,1
rq2,HardFork,9,10,2,5,3,145,false,true,15,ok,1
rq2,HardFork,10,10,2,5,3,145,false,true,15,ok,1
rq2,HardFork,11,10,2,5,3,145,false,true,15,ok,1
rq2,HardFork,12,10,2,5,3,145,false,true,15,ok,1
rq2,HardFork,13,10,2,5,3,145,false,true,15,ok,1
rq2,HardFork,14,10,2,5,3,145,false,true,15,ok,1
rq2,HardFork,15,10,2,5,3,145,false,true,15,ok,1
rq2,HardFork,16,10,2,5,3,145,false,true,15,ok,1
rq2,HardFork,17,10,2,5,3,145,false,true,15,ok,1
rq2,HardFork,18,10,2,5,3,145,false,true,15,ok,1
rq2,HardFork,19,10,2,5,3,145,false,true,15,ok,1
rq2,HardFork,20,10,2,5,3,145,false,true,15,ok,1
rq2,HardFork,21,10,2,5,3,145,false,true,15,ok,1
rq2,HardFork,22,10,2,5,3,145,false,true,15,ok,1
rq2,HardFork,23,10,2,5,3,145,false,true,15,ok,1
rq2,HardFork,24,10,2,5,3,145,false,true,15,ok,1
rq2,HardFork,25,10,2,5,3,145,false,true,15,ok,1
rq2,HardFork,26,10,2,5,3,145,false,true,15,ok,1
rq2,HardFork,27,10,2,5,3,145,false,true,15,ok,1
rq2,HardFork,28,10,2,5,3,145,false,true,15,ok,1
rq2,HardFork,29,10,2,5,3,145,false,true,15,ok,1
rq2,HardFork,0,10,2,5,6,145,false,true,15,ok,1
rq2,HardFork,1,10,2,5,6,145,false,true,15,ok,1
rq2,HardFork,2,10,2,5,6,145,false,true,15,ok,1
rq2,HardFork,3,10,2,5,6,145,false,true,15,ok,1
rq2,HardFork,4,10,2,5,6,145,false,true,15,ok,1
rq2,HardFork,5,10,2,5,6,145,false,true,15,ok,1
rq2,HardFork,6,10,2,5,6,145,false,true,15,ok,1
rq2,HardFork,7,10,2,5,6,145,false,true,15,ok,1
rq2,HardFork,8,10,2,5,6,145,false,true,15,ok,1
rq2,HardFork,9,10,2,5,6,145,false,true,15,ok,1
rq2,HardFork,10,10,2,5,6,145,false,true,15,ok,1
rq2,HardFork,11,10,2,5,6,145,false,true,15,ok,1
rq2,HardFork,12,10,2,5,6,145,false,true,15,ok,1
rq2,HardFork,13,10,2,5,6,145,false,true,15,ok,1
rq2,HardFork,14,10,2,5,6,145,false,true,15,ok,1
rq2,HardFork,15,10,2,5,6,145,false,true,15,ok,1
rq2,HardFork,16,10,2,5,6,145,false,true,15,ok,1
rq2,HardFork,17,10,2,5,6,145,false,true,15,ok,1
rq2,HardFork,18,10,2,5,6,145,false,true,15,ok,1
rq2,HardFork,19,10,2,5,6,145,false,true,15,ok,1
rq2,HardFork,20,10,2,5,6,145,false,true,15,ok,1
rq2,HardFork,21,10,2,5,6,145,false,true,15,ok,1
rq2,HardFork,22,10,2,5,6,145,false,true,15,ok,1
rq2,HardFork,23,10,2,5,6,145,false,true,15,ok,1
rq2,HardFork,24,10,2,5,6,145,false,true,15,ok,1
rq2,HardFork,25,10,2,5,6,145,false,true,15,ok,1
rq2,HardFork,26,10,2,5,6,145,false,true,15,ok,1
rq2,HardFork,27,10,2,5,6,145,false,true,15,ok,1
rq2,HardFork,28,10,2,5,6,145,false,true,15,ok,1
rq2,HardFork,29,10,2,5,6,145,false,true,15,ok,1
rq2,SageBlind,0,10,2,2,3,148,false,true,15,ok,0
rq2,SageBlind,1,10,2,2,3,148,false,true,15,ok,0
rq2,SageBlind,2,10,2,2,3,148,false,true,15,ok,0
rq2,SageBlind,3,10,2,2,3,148,false,true,15,ok,0
rq2,SageBlind,4,10,2,2,3,148,false,true,15,ok,0
rq2,SageBlind,5,10,2,2,3,148,false,true,15,ok,0
rq2,SageBlind,6,10,2,2,3,148,false,true,15,ok,0
rq2,SageBlind,7,10,2,2,3,148,false,true,15,ok,0
rq2,SageBlind,8,10,2,2,3,148,false,true,15,ok,0
rq2,SageBlind,9,10,2,2,3,148,false,true,15,ok,0
rq2,SageBlind,10,10,2,2,3,148,false,true,15,ok,0
rq2,SageBlind,11,10,2,2,3,148,false,true,15,ok,0
rq2,SageBlind,12,10,2,2,3,148,false,true,15,ok,0
rq2,SageBlind,13,10,2,2,3,148,false,true,15,ok,0
rq2,SageBlind,14,10,2,2,3,148,false,true,15,ok,0
rq2,SageBlind,15,10,2,2,3,148,false,true,15,ok,0
rq2,SageBlind,16,10,2,2,3,148,false,true,15,ok,0
rq2,SageBlind,17,10,2,2,3,148,false,true,15,ok,0
rq2,SageBlind,18,10,2,2,3,148,false,true,15,ok,0
rq2,SageBlind,19,10,2,2,3,148,false,true,15,ok,0
rq2,SageBlind,20,10,2,2,3,148,false,true,15,ok,0
rq2,SageBlind,21,10,2,2,3,148,false,true,15,ok,0
rq2,SageBlind,22,10,2,2,3,148,false,true,15,ok,0
rq2,SageBlind,23,10,2,2,3,148,false,true,15,ok,0
rq2,SageBlind,24,10,2,2,3,148,false,true,15,ok,0
rq2,SageBlind,25,10,2,2,3,148,false,true,15,ok,0
rq2,SageBlind,26,10,2,2,3,148,false,true,15,ok,0
rq2,SageBlind,27,10,2,2,3,148,false,true,15,ok,0
rq2,SageBlind,28,10,2,2,3,148,false,true,15,ok,0
rq2,SageBlind,29,10,2,2,3,148,false,true,15,ok,0
rq2,SageBlind,0,10,2,2,6,148,false,true,15,ok,0
rq2,SageBlind,1,10,2,2,6,148,false,true,15,ok,0
rq2,SageBlind,2,10,2,2,6,148,false,true,15,ok,0
rq2,SageBlind,3,10,2,2,6,148,false,true,15,ok,0
rq2,SageBlind,4,10,2,2,6,148,false,true,15,ok,0
rq2,SageBlind,5,10,2,2,6,148,false,true,15,ok,0
rq2,SageBlind,6,10,2,2,6,148,false,true,15,ok,0
rq2,SageBlind,7,10,2,2,6,148,false,true,15,ok,0
rq2,SageBlind,8,10,2,2,6,148,false,true,15,ok,0
rq2,SageBlind,9,10,2,2,6,148,false,true,15,ok,0
rq2,SageBlind,10,10,2,2,6,148,false,true,15,ok,0
rq2,SageBlind,11,10,2,2,6,148,false,true,15,ok,0
rq2,SageBlind,12,10,2,2,6,148,false,true,15,ok,0
rq2,SageBlind,13,10,2,2,6,148,false,true,15,ok,0
rq2,SageBlind,14,10,2,2,6,148,false,true,15,ok,0
rq2,SageBlind,15,10,2,2,6,148,false,true,15,ok,0
rq2,SageBlind,16,10,2,2,6,148,false,true,15,ok,0
rq2,SageBlind,17,10,2,2,6,148,false,true,15,ok,0
rq2,SageBlind,18,10,2,2,6,148,false,true,15,ok,0
rq2,SageBlind,19,10,2,2,6,148,false,true,15,ok,0
rq2,SageBlind,20,10,2,2,6,148,false,true,15,ok,0
rq2,SageBlind,21,10,2,2,6,148,false,true,15,ok,0
rq2,SageBlind,22,10,2,2,6,148,false,true,15,ok,0
rq2,SageBlind,23,10,2,2,6,148,false,true,15,ok,0
rq2,SageBlind,24,10,2,2,6,148,false,true,15,ok,0
rq2,SageBlind,25,10,2,2,6,148,false,true,15,ok,0
rq2,SageBlind,26,10,2,2,6,148,false,true,15,ok,0
rq2,SageBlind,27,10,2,2,6,148,false,true,15,ok,0
rq2,SageBlind,28,10,2,2,6,148,false,true,15,ok,0
rq2,SageBlind,29,10,2,2,6,148,false,true,15,ok,0
rq2,SageBlind,0,10,2,3,3,147,false,true,15,ok,0
rq2,SageBlind,1,10,2,3,3,147,false,true,15,ok,0
rq2,SageBlind,2,10,2,3,3,147,false,true,15,ok,0
rq2,SageBlind,3,10,2,3,3,147,false,true,15,ok,0
rq2,SageBlind,4,10,2,3,3,147,false,true,15,ok,0
rq2,SageBlind,5,10,2,3,3,147,false,true,15,ok,0
rq2,SageBlind,6,10,2,3,3,147,false,true,15,ok,0
rq2,SageBlind,7,10,2,3,3,147,false,true,15,ok,0
rq2,SageBlind,8,10,2,3,3,147,false,true,15,ok,0
rq2,SageBlind,9,10,2,3,3,147,false,true,15,ok,0
rq2,SageBlind,10,10,2,3,3,147,false,true,15,ok,0
rq2,SageBlind,11,10,2,3,3,147,false,true,15,ok,0
rq2,SageBlind,12,10,2,3,3,147,false,true,15,ok,0
rq2,SageBlind,13,10,2,3,3,147,false,true,15,ok,0
rq2,SageBlind,14,10,2,3,3,147,false,true,15,ok,0
rq2,SageBlind,15,10,2,3,3,147,false,true,15,ok,0
rq2,SageBlind,16,10,2,3,3,147,false,true,15,ok,0
rq2,SageBlind,17,10,2,3,3,147,false,true,15,ok,0
rq2,SageBlind,18,10,2,3,3,147,false,true,15,ok,0
rq2,SageBlind,19,10,2,3,3,147,false,true,15,ok,0
rq2,SageBlind,20,10,2,3,3,147,false,true,15,ok,0
rq2,SageBlind,21,10,2,3,3,147,false,true,15,ok,0
rq2,SageBlind,22,10,2,3,3,147,false,true,15,ok,0
rq2,SageBlind,23,10,2,3,3,147,false,true,15,ok,0
rq2,SageBlind,24,10,2,3,3,147,false,true,15,ok,0
rq2,SageBlind,25,10,2,3,3,147,false,true,15,ok,0
rq2,SageBlind,26,10,2,3,3,147,false,true,15,ok,0
rq2,SageBlind,27,10,2,3,3,147,false,true,15,ok,0
rq2,SageBlind,28,10,2,3,3,147,false,true,15,ok,0
rq2,SageBlind,29,10,2,3,3,147,false,true,15,ok,0
rq2,SageBlind,0,10,2,3,6,147,false,true,15,ok,0
rq2,SageBlind,1,10,2,3,6,147,false,true,15,ok,0
rq2,SageBlind,2,10,2,3,6,147,false,true,15,ok,0
rq2,SageBlind,3,10,2,3,6,147,false,true,15,ok,0
rq2,SageBlind,4,10,2,3,6,147,false,true,15,ok,0
rq2,SageBlind,5,10,2,3,6,147,false,true,15,ok,0
rq2,SageBlind,6,10,2,3,6,147,false,true,15,ok,0
rq2,SageBlind,7,10,2,3,6,147,false,true,15,ok,0
rq2,SageBlind,8,10,2,3,6,147,false,true,15,ok,0
rq2,SageBlind,9,10,2,3,6,147,false,true,15,ok,0
rq2,SageBlind,10,10,2,3,6,147,false,true,15,ok,0
rq2,SageBlind,11,10,2,3,6,147,false,true,15,ok,0
rq2,SageBlind,12,10,2,3,6,147,false,true,15,ok,0
rq2,SageBlind,13,10,2,3,6,147,false,true,15,ok,0
rq2,SageBlind,14,10,2,3,6,147,false,true,15,ok,0
rq2,SageBlind,15,10,2,3,6,147,false,true,15,ok,0
rq2,SageBlind,16,10,2,3,6,147,false,true,15,ok,0
rq2,SageBlind,17,10,2,3,6,147,false,true,15,ok,0
rq2,SageBlind,18,10,2,3,6,147,false,true,15,ok,0
rq2,SageBlind,19,10,2,3,6,147,false,true,15,ok,0
rq2,SageBlind,20,10,2,3,6,147,false,true,15,ok,0
rq2,SageBlind,21,10,2,3,6,147,false,true,15,ok,0
rq2,SageBlind,22,10,2,3,6,147,false,true,15,ok,0
rq2,SageBlind,23,10,2,3,6,147,false,true,15,ok,0
rq2,SageBlind,24,10,2,3,6,147,false,true,15,ok,0
rq2,SageBlind,25,10,2,3,6,147,false,true,15,ok,0
rq2,SageBlind,26,10,2,3,6,147,false,true,15,ok,0
rq2,SageBlind,27,10,2,3,6,147,false,true,15,ok,0
rq2,SageBlind,28,10,2,3,6,147,false,true,15,ok,0
rq2,SageBlind,29,10,2,3,6,147,false,true,15,ok,0
rq2,SageBlind,0,10,2,5,3,145,false,true,15,ok,1
rq2,SageBlind,1,10,2,5,3,145,false,true,15,ok,1
rq2,SageBlind,2,10,2,5,3,145,false,true,15,ok,1
rq2,SageBlind,3,10,2,5,3,145,false,true,15,ok,1
rq2,SageBlind,4,10,2,5,3,145,false,true,15,ok,1
rq2,SageBlind,5,10,2,5,3,145,false,true,15,ok,1
rq2,SageBlind,6,10,2,5,3,145,false,true,15,ok,1
rq2,SageBlind,7,10,2,5,3,145,false,true,15,ok,1
rq2,SageBlind,8,10,2,5,3,145,false,true,15,ok,1
rq2,SageBlind,9,10,2,5,3,145,false,true,15,ok,1
rq2,SageBlind,10,10,2,5,3,145,false,true,15,ok,1
rq2,SageBlind,11,10,2,5,3,145,false,true,15,ok,1
rq2,SageBlind,12,10,2,5,3,145,false,true,15,ok,1
rq2,SageBlind,13,10,2,5,3,145,false,true,15,ok,1
rq2,SageBlind,14,10,2,5,3,145,false,true,15,ok,1
rq2,SageBlind,15,10,2,5,3,145,false,true,15,ok,1
rq2,SageBlind,16,10,2,5,3,145,false,true,15,ok,1
rq2,SageBlind,17,10,2,5,3,145,false,true,15,ok,1
rq2,SageBlind,18,10,2,5,3,145,false,true,15,ok,1
rq2,SageBlind,19,10,2,5,3,145,false,true,15,ok,1
rq2,SageBlind,20,10,2,5,3,145,false,true,15,ok,1
rq2,SageBlind,21,10,2,5,3,145,false,true,15,ok,1
rq2,SageBlind,22,10,2,5,3,145,false,true,15,ok,1
rq2,SageBlind,23,10,2,5,3,145,false,true,15,ok,1
rq2,SageBlind,24,10,2,5,3,145,false,true,15,ok,1
rq2,SageBlind,25,10,2,5,3,145,false,true,15,ok,1
rq2,SageBlind,26,10,2,5,3,145,false,true,15,ok,1
rq2,SageBlind,27,10,2,5,3,145,false,true,15,ok,1
rq2,SageBlind,28,10,2,5,3,145,false,true,15,ok,1
rq2,SageBlind,29,10,2,5,3,145,false,true,15,ok,1
rq2,SageBlind,0,10,2,5,6,145,false,true,15,ok,1
rq2,SageBlind,1,10,2,5,6,145,false,true,15,ok,1
rq2,SageBlind,2,10,2,5,6,145,false,true,15,ok,1
rq2,SageBlind,3,10,2,5,6,145,false,true,15,ok,1
rq2,SageBlind,4,10,2,5,6,145,false,true,15,ok,1
rq2,SageBlind,5,10,2,5,6,145,false,true,15,ok,1
rq2,SageBlind,6,10,2,5,6,145,false,true,15,ok,1
rq2,SageBlind,7,10,2,5,6,145,false,true,15,ok,1
rq2,SageBlind,8,10,2,5,6,145,false,true,15,ok,1
rq2,SageBlind,9,10,2,5,6,145,false,true,15,ok,1
rq2,SageBlind,10,10,2,5,6,145,false,true,15,ok,1
rq2,SageBlind,11,10,2,5,6,145,false,true,15,ok,1
rq2,SageBlind,12,10,2,5,6,145,false,true,15,ok,1
rq2,SageBlind,13,10,2,5,6,145,false,true,15,ok,1
rq2,SageBlind,14,10,2,5,6,145,false,true,15,ok,1
rq2,SageBlind,15,10,2,5,6,145,false,true,15,ok,1
rq2,SageBlind,16,10,2,5,6,145,false,true,15,ok,1
rq2,SageBlind,17,10,2,5,6,145,false,true,15,ok,1
rq2,SageBlind,18,10,2,5,6,145,false,true,15,ok,1
rq2,SageBlind,19,10,2,5,6,145,false,true,15,ok,1
rq2,SageBlind,20,10,2,5,6,145,false,true,15,ok,1
rq2,SageBlind,21,10,2,5,6,145,false,true,15,ok,1
rq2,SageBlind,22,10,2,5,6,145,false,true,15,ok,1
rq2,SageBlind,23,10,2,5,6,145,false,true,15,ok,1
rq2,SageBlind,24,10,2,5,6,145,false,true,15,ok,1
rq2,SageBlind,25,10,2,5,6,145,false,true,15,ok,1
rq2,SageBlind,26,10,2,5,6,145,false,true,15,ok,1
rq2,SageBlind,27,10,2,5,6,145,false,true,15,ok,1
rq2,SageBlind,28,10,2,5,6,145,false,true,15,ok,1
rq2,SageBlind,29,10,2,5,6,145,false,true,15,ok,1
rq2,CoxStyle,0,10,2,2,3,148,false,true,15,ok,0
rq2,CoxStyle,1,10,2,2,3,148,false,true,15,ok,0
rq2,CoxStyle,2,10,2,2,3,148,false,true,15,ok,0
rq2,CoxStyle,3,10,2,2,3,148,false,true,15,ok,0
rq2,CoxStyle,4,10,2,2,3,148,false,true,15,ok,0
rq2,CoxStyle,5,10,2,2,3,148,false,true,15,ok,0
rq2,CoxStyle,6,10,2,2,3,148,false,true,15,ok,0
rq2,CoxStyle,7,10,2,2,3,148,false,true,15,ok,0
rq2,CoxStyle,8,10,2,2,3,148,false,true,15,ok,0
rq2,CoxStyle,9,10,2,2,3,148,false,true,15,ok,0
rq2,CoxStyle,10,10,2,2,3,148,false,true,15,ok,0
rq2,CoxStyle,11,10,2,2,3,148,false,true,15,ok,0
rq2,CoxStyle,12,10,2,2,3,148,false,true,15,ok,0
rq2,CoxStyle,13,10,2,2,3,148,false,true,15,ok,0
rq2,CoxStyle,14,10,2,2,3,148,false,true,15,ok,0
rq2,CoxStyle,15,10,2,2,3,148,false,true,15,ok,0
rq2,CoxStyle,16,10,2,2,3,148,false,true,15,ok,0
rq2,CoxStyle,17,10,2,2,3,148,false,true,15,ok,0
rq2,CoxStyle,18,10,2,2,3,148,false,true,15,ok,0
rq2,CoxStyle,19,10,2,2,3,148,false,true,15,ok,0
rq2,CoxStyle,20,10,2,2,3,148,false,true,15,ok,0
rq2,CoxStyle,21,10,2,2,3,148,false,true,15,ok,0
rq2,CoxStyle,22,10,2,2,3,148,false,true,15,ok,0
rq2,CoxStyle,23,10,2,2,3,148,false,true,15,ok,0
rq2,CoxStyle,24,10,2,2,3,148,false,true,15,ok,0
rq2,CoxStyle,25,10,2,2,3,148,false,true,15,ok,0
rq2,CoxStyle,26,10,2,2,3,148,false,true,15,ok,0
rq2,CoxStyle,27,10,2,2,3,148,false,true,15,ok,0
rq2,CoxStyle,28,10,2,2,3,148,false,true,15,ok,0
rq2,CoxStyle,29,10,2,2,3,148,false,true,15,ok,0
rq2,CoxStyle,0,10,2,2,6,148,false,true,15,ok,0
rq2,CoxStyle,1,10,2,2,6,148,false,true,15,ok,0
rq2,CoxStyle,2,10,2,2,6,148,false,true,15,ok,0
rq2,CoxStyle,3,10,2,2,6,148,false,true,15,ok,0
rq2,CoxStyle,4,10,2,2,6,148,false,true,15,ok,0
rq2,CoxStyle,5,10,2,2,6,148,false,true,15,ok,0
rq2,CoxStyle,6,10,2,2,6,148,false,true,15,ok,0
rq2,CoxStyle,7,10,2,2,6,148,false,true,15,ok,0
rq2,CoxStyle,8,10,2,2,6,148,false,true,15,ok,0
rq2,CoxStyle,9,10,2,2,6,148,false,true,15,ok,0
rq2,CoxStyle,10,10,2,2,6,148,false,true,15,ok,0
rq2,CoxStyle,11,10,2,2,6,148,false,true,15,ok,0
rq2,CoxStyle,12,10,2,2,6,148,false,true,15,ok,0
rq2,CoxStyle,13,10,2,2,6,148,false,true,15,ok,0
rq2,CoxStyle,14,10,2,2,6,148,false,true,15,ok,0
rq2,CoxStyle,15,10,2,2,6,148,false,true,15,ok,0
rq2,CoxStyle,16,10,2,2,6,148,false,true,15,ok,0
rq2,CoxStyle,17,10,2,2,6,148,false,true,15,ok,0
rq2,CoxStyle,18,10,2,2,6,148,false,true,15,ok,0
rq2,CoxStyle,19,10,2,2,6,148,false,true,15,ok,0
rq2,CoxStyle,20,10,2,2,6,148,false,true,15,ok,0
rq2,CoxStyle,21,10,2,2,6,148,false,true,15,ok,0
rq2,CoxStyle,22,10,2,2,6,148,false,true,15,ok,0
rq2,CoxStyle,23,10,2,2,6,148,false,true,15,ok,0
rq2,CoxStyle,24,10,2,2,6,148,false,true,15,ok,0
rq2,CoxStyle,25,10,2,2,6,148,false,true,15,ok,0
rq2,CoxStyle,26,10,2,2,6,148,false,true,15,ok,0
rq2,CoxStyle,27,10,2,2,6,148,false,true,15,ok,0
rq2,CoxStyle,28,10,2,2,6,148,false,true,15,ok,0
rq2,CoxStyle,29,10,2,2,6,148,false,true,15,ok,0
rq2,CoxStyle,0,10,2,3,3,147,false,true,15,ok,0
rq2,CoxStyle,1,10,2,3,3,147,false,true,15,ok,0
rq2,CoxStyle,2,10,2,3,3,147,false,true,15,ok,0
rq2,CoxStyle,3,10,2,3,3,147,false,true,15,ok,0
rq2,CoxStyle,4,10,2,3,3,147,false,true,15,ok,0
rq2,CoxStyle,5,10,2,3,3,147,false,true,15,ok,0
rq2,CoxStyle,6,10,2,3,3,147,false,true,15,ok,0
rq2,CoxStyle,7,10,2,3,3,147,false,true,15,ok,0
rq2,CoxStyle,8,10,2,3,3,147,false,true,15,ok,0
rq2,CoxStyle,9,10,2,3,3,147,false,true,15,ok,0
rq2,CoxStyle,10,10,2,3,3,147,false,true,15,ok,0
rq2,CoxStyle,11,10,2,3,3,147,false,true,15,ok,0
rq2,CoxStyle,12,10,2,3,3,147,false,true,15,ok,0
rq2,CoxStyle,13,10,2,3,3,147,false,true,15,ok,0
rq2,CoxStyle,14,10,2,3,3,147,false,true,15,ok,0
rq2,CoxStyle,15,10,2,3,3,147,false,true,15,ok,0
rq2,CoxStyle,16,10,2,3,3,147,false,true,15,ok,0
rq2,CoxStyle,17,10,2,3,3,147,false,true,15,ok,0
rq2,CoxStyle,18,10,2,3,3,147,false,true,15,ok,0
rq2,CoxStyle,19,10,2,3,3,147,false,true,15,ok,0
rq2,CoxStyle,20,10,2,3,3,147,false,true,15,ok,0
rq2,CoxStyle,21,10,2,3,3,147,false,true,15,ok,0
rq2,CoxStyle,22,10,2,3,3,147,false,true,15,ok,0
rq2,CoxStyle,23,10,2,3,3,147,false,true,15,ok,0
rq2,CoxStyle,24,10,2,3,3,147,false,true,15,ok,0
rq2,CoxStyle,25,10,2,3,3,147,false,true,15,ok,0
rq2,CoxStyle,26,10,2,3,3,147,false,true,15,ok,0
rq2,CoxStyle,27,10,2,3,3,147,false,true,15,ok,0
rq2,CoxStyle,28,10,2,3,3,147,false,true,15,ok,0
rq2,CoxStyle,29,10,2,3,3,147,false,true,15,ok,0
rq2,CoxStyle,0,10,2,3,6,147,false,true,15,ok,0
rq2,CoxStyle,1,10,2,3,6,147,false,true,15,ok,0
rq2,CoxStyle,2,10,2,3,6,147,false,true,15,ok,0
rq2,CoxStyle,3,10,2,3,6,147,false,true,15,ok,0
rq2,CoxStyle,4,10,2,3,6,147,false,true,15,ok,0
rq2,CoxStyle,5,10,2,3,6,147,false,true,15,ok,0
rq2,CoxStyle,6,10,2,3,6,147,false,true,15,ok,0
rq2,CoxStyle,7,10,2,3,6,147,false,true,15,ok,0
rq2,CoxStyle,8,10,2,3,6,147,false,true,15,ok,0
rq2,CoxStyle,9,10,2,3,6,147,false,true,15,ok,0
rq2,CoxStyle,10,10,2,3,6,147,false,true,15,ok,0
rq2,CoxStyle,11,10,2,3,6,147,false,true,15,ok,0
rq2,CoxStyle,12,10,2,3,6,147,false,true,15,ok,0
rq2,CoxStyle,13,10,2,3,6,147,false,true,15,ok,0
rq2,CoxStyle,14,10,2,3,6,147,false,true,15,ok,0
rq2,CoxStyle,15,10,2,3,6,147,false,true,15,ok,0
rq2,CoxStyle,16,10,2,3,6,147,false,true,15,ok,0
rq2,CoxStyle,17,10,2,3,6,147,false,true,15,ok,0
rq2,CoxStyle,18,10,2,3,6,147,false,true,15,ok,0
rq2,CoxStyle,19,10,2,3,6,147,false,true,15,ok,0
rq2,CoxStyle,20,10,2,3,6,147,false,true,15,ok,0
rq2,CoxStyle,21,10,2,3,6,147,false,true,15,ok,0
rq2,CoxStyle,22,10,2,3,6,147,false,true,15,ok,0
rq2,CoxStyle,23,10,2,3,6,147,false,true,15,ok,0
rq2,CoxStyle,24,10,2,3,6,147,false,true,15,ok,0
rq2,CoxStyle,25,10,2,3,6,147,false,true,15,ok,0
rq2,CoxStyle,26,10,2,3,6,147,false,true,15,ok,0
rq2,CoxStyle,27,10,2,3,6,147,false,true,15,ok,0
rq2,CoxStyle,28,10,2,3,6,147,false,true,15,ok,0
rq2,CoxStyle,29,10,2,3,6,147,false,true,15,ok,0
rq2,CoxStyle,0,10,2,5,3,145,false,true,15,ok,0
rq2,CoxStyle,1,10,2,5,3,145,false,true,15,ok,0
rq2,CoxStyle,2,10,2,5,3,145,false,true,15,ok,0
rq2,CoxStyle,3,10,2,5,3,145,false,true,15,ok,0
rq2,CoxStyle,4,10,2,5,3,145,false,true,15,ok,0
rq2,CoxStyle,5,10,2,5,3,145,false,true,15,ok,0
rq2,CoxStyle,6,10,2,5,3,145,false,true,15,ok,0
rq2,CoxStyle,7,10,2,5,3,145,false,true,15,ok,0
rq2,CoxStyle,8,10,2,5,3,145,false,true,15,ok,0
rq2,CoxStyle,9,10,2,5,3,145,false,true,15,ok,0
rq2,CoxStyle,10,10,2,5,3,145,false,true,15,ok,0
rq2,CoxStyle,11,10,2,5,3,145,false,true,15,ok,0
rq2,CoxStyle,12,10,2,5,3,145,false,true,15,ok,0
rq2,CoxStyle,13,10,2,5,3,145,false,true,15,ok,0
rq2,CoxStyle,14,10,2,5,3,145,false,true,15,ok,0
rq2,CoxStyle,15,10,2,5,3,145,false,true,15,ok,0
rq2,CoxStyle,16,10,2,5,3,145,false,true,15,ok,0
rq2,CoxStyle,17,10,2,5,3,145,false,true,15,ok,0
rq2,CoxStyle,18,10,2,5,3,145,false,true,15,ok,0
rq2,CoxStyle,19,10,2,5,3,145,false,true,15,ok,0
rq2,CoxStyle,20,10,2,5,3,145,false,true,15,ok,0
rq2,CoxStyle,21,10,2,5,3,145,false,true,15,ok,0
rq2,CoxStyle,22,10,2,5,3,145,false,true,15,ok,0
rq2,CoxStyle,23,10,2,5,3,145,false,true,15,ok,0
rq2,CoxStyle,24,10,2,5,3,145,false,true,15,ok,0
rq2,CoxStyle,25,10,2,5,3,145,false,true,15,ok,0
rq2,CoxStyle,26,10,2,5,3,145,false,true,15,ok,0
rq2,CoxStyle,27,10,2,5,3,145,false,true,15,ok,0
rq2,CoxStyle,28,10,2,5,3,145,false,true,15,ok,0
rq2,CoxStyle,29,10,2,5,3,145,false,true,15,ok,0
rq2,CoxStyle,0,10,2,5,6,145,false,true,15,ok,0
rq2,CoxStyle,1,10,2,5,6,145,false,true,15,ok,0
rq2,CoxStyle,2,10,2,5,6,145,false,true,15,ok,0
rq2,CoxStyle,3,10,2,5,6,145,false,true,15,ok,0
rq2,CoxStyle,4,10,2,5,6,145,false,true,15,ok,0
rq2,CoxStyle,5,10,2,5,6,145,false,true,15,ok,0
rq2,CoxStyle,6,10,2,5,6,145,false,true,15,ok,0
rq2,CoxStyle,7,10,2,5,6,145,false,true,15,ok,0
rq2,CoxStyle,8,10,2,5,6,145,false,true,15,ok,0
rq2,CoxStyle,9,10,2,5,6,145,false,true,15,ok,0
rq2,CoxStyle,10,10,2,5,6,145,false,true,15,ok,0
rq2,CoxStyle,11,10,2,5,6,145,false,true,15,ok,0
rq2,CoxStyle,12,10,2,5,6,145,false,true,15,ok,0
rq2,CoxStyle,13,10,2,5,6,145,false,true,15,ok,0
rq2,CoxStyle,14,10,2,5,6,145,false,true,15,ok,0
rq2,CoxStyle,15,10,2,5,6,145,false,true,15,ok,0
rq2,CoxStyle,16,10,2,5,6,145,false,true,15,ok,0
rq2,CoxStyle,17,10,2,5,6,145,false,true,15,ok,0
rq2,CoxStyle,18,10,2,5,6,145,false,true,15,ok,0
rq2,CoxStyle,19,10,2,5,6,145,false,true,15,ok,0
rq2,CoxStyle,20,10,2,5,6,145,false,true,15,ok,0
rq2,CoxStyle,21,10,2,5,6,145,false,true,15,ok,0
rq2,CoxStyle,22,10,2,5,6,145,false,true,15,ok,0
rq2,CoxStyle,23,10,2,5,6,145,false,true,15,ok,0
rq2,CoxStyle,24,10,2,5,6,145,false,true,15,ok,0
rq2,CoxStyle,25,10,2,5,6,145,false,true,15,ok,0
rq2,CoxStyle,26,10,2,5,6,145,false,true,15,ok,0
rq2,CoxStyle,27,10,2,5,6,145,false,true,15,ok,0
rq2,CoxStyle,28,10,2,5,6,145,false,true,15,ok,0
rq2,CoxStyle,29,10,2,5,6,145,false,true,15,ok,0
