strategy,seed,kappa,run_status,finalized_blocks,safety_violation,migration_success,cutover_height,cutover_latency_micros,max_finalized_height
Sage,0,1,completed,1000,false,true,30,109,50
Sage,1,1,completed,1000,false,true,30,112,50
Sage,2,1,completed,1000,false,true,30,110,50
Sage,3,1,completed,1000,false,true,30,108,50
Sage,4,1,completed,1000,false,true,30,89,50
Sage,0,2,completed,1000,false,true,30,109,50
Sage,1,2,completed,1000,false,true,30,112,50
Sage,2,2,completed,1000,false,true,30,110,50
Sage,3,2,completed,1000,false,true,30,108,50
Sage,4,2,completed,1000,false,true,30,89,50
Sage,0,4,completed,1000,false,true,30,109,50
Sage,1,4,completed,1000,false,true,30,112,50
Sage,2,4,completed,1000,false,true,30,110,50
Sage,3,4,completed,1000,false,true,30,108,50
Sage,4,4,completed,1000,false,true,30,89,50
Sage,0,8,completed,1000,false,true,30,109,50
Sage,1,8,completed,1000,false,true,30,112,50
Sage,2,8,completed,1000,false,true,30,110,50
Sage,3,8,completed,1000,false,true,30,108,50
Sage,4,8,completed,1000,false,true,30,89,50
Sage,0,16,completed,1000,false,true,30,109,50
Sage,1,16,completed,1000,false,true,30,112,50
Sage,2,16,completed,1000,false,true,30,110,50
Sage,3,16,completed,1000,false,true,30,108,50
Sage,4,16,completed,1000,false,true,30,89,50
