strategy,seed,abort_height,run_status,finalized_blocks,safety_violation,migration_success,rollback_occurred,rollback_latency_micros,absolute_reversion_rejected,max_finalized_height
Sage,0,12,ok,300,false,true,true,80,false,30
Sage,1,12,ok,300,false,true,true,80,false,30
Sage,2,12,ok,300,false,true,true,80,false,30
Sage,3,12,ok,300,false,true,true,80,false,30
Sage,4,12,ok,300,false,true,true,80,false,30
Sage,5,12,ok,300,false,true,true,80,false,30
Sage,6,12,ok,300,false,true,true,80,false,30
Sage,7,12,ok,300,false,true,true,80,false,30
Sage,8,12,ok,300,false,true,true,80,false,30
Sage,9,12,ok,300,false,true,true,80,false,30
Sage,0,30,ok,300,false,true,false,0,true,30
Sage,1,30,ok,300,false,true,false,0,true,30
Sage,2,30,ok,300,false,true,false,0,true,30
Sage,3,30,ok,300,false,true,false,0,true,30
Sage,4,30,ok,300,false,true,false,0,true,30
Sage,5,30,ok,300,false,true,false,0,true,30
Sage,6,30,ok,300,false,true,false,0,true,30
Sage,7,30,ok,300,false,true,false,0,true,30
Sage,8,30,ok,300,false,true,false,0,true,30
Sage,9,30,ok,300,false,true,false,0,true,30
