strategy,seed,run_status,finalized_blocks,safety_violation,migration_success,max_finalized_height,disjoint_quorum_windows
Sage,0,completed,21,false,true,4,0
Sage,1,completed,21,false,true,4,0
Sage,2,completed,21,false,true,4,0
Sage,3,completed,21,false,true,4,0
Sage,4,completed,21,false,true,4,0
Sage,5,completed,21,false,true,4,0
Sage,6,completed,21,false,true,4,0
Sage,7,completed,21,false,true,4,0
Sage,8,completed,21,false,true,4,0
Sage,9,completed,21,false,true,4,0
Sage,10,completed,21,false,true,4,0
Sage,11,completed,21,false,true,4,0
Sage,12,completed,21,false,true,4,0
Sage,13,completed,21,false,true,4,0
Sage,14,completed,21,false,true,4,0
Sage,15,completed,21,false,true,4,0
Sage,16,completed,21,false,true,4,0
Sage,17,completed,21,false,true,4,0
Sage,18,completed,21,false,true,4,0
Sage,19,completed,21,false,true,4,0
Sage,20,completed,21,false,true,4,0
Sage,21,completed,21,false,true,4,0
Sage,22,completed,21,false,true,4,0
Sage,23,completed,21,false,true,4,0
Sage,24,completed,21,false,true,4,0
Sage,25,completed,21,false,true,4,0
Sage,26,completed,21,false,true,4,0
Sage,27,completed,21,false,true,4,0
Sage,28,completed,21,false,true,4,0
Sage,29,completed,21,false,true,4,0
Sage,30,completed,21,false,true,4,0
Sage,31,completed,21,false,true,4,0
Sage,32,completed,21,false,true,4,0
Sage,33,completed,21,false,true,4,0
Sage,34,completed,21,false,true,4,0
Sage,35,completed,21,false,true,4,0
Sage,36,completed,21,false,true,4,0
Sage,37,completed,21,false,true,4,0
Sage,38,completed,21,false,true,4,0
Sage,39,completed,21,false,true,4,0
Sage,40,completed,21,false,true,4,0
Sage,41,completed,21,false,true,4,0
Sage,42,completed,21,false,true,4,0
Sage,43,completed,21,false,true,4,0
Sage,44,completed,21,false,true,4,0
Sage,45,completed,21,false,true,4,0
Sage,46,completed,21,false,true,4,0
Sage,47,completed,21,false,true,4,0
Sage,48,completed,21,false,true,4,0
Sage,49,completed,21,false,true,4,0
Sage,50,completed,21,false,true,4,0
Sage,51,completed,21,false,true,4,0
Sage,52,completed,21,false,true,4,0
Sage,53,completed,21,false,true,4,0
Sage,54,completed,21,false,true,4,0
Sage,55,completed,21,false,true,4,0
Sage,56,completed,21,false,true,4,0
Sage,57,completed,21,false,true,4,0
Sage,58,completed,21,false,true,4,0
Sage,59,completed,21,false,true,4,0
Sage,60,completed,21,false,true,4,0
Sage,61,completed,21,false,true,4,0
Sage,62,completed,21,false,true,4,0
Sage,63,completed,21,false,true,4,0
Sage,64,completed,21,false,true,4,0
Sage,65,completed,21,false,true,4,0
Sage,66,completed,21,false,true,4,0
Sage,67,completed,21,false,true,4,0
Sage,68,completed,21,false,true,4,0
Sage,69,completed,21,false,true,4,0
Sage,70,completed,21,false,true,4,0
Sage,71,completed,21,false,true,4,0
Sage,72,completed,21,false,true,4,0
Sage,73,completed,21,false,true,4,0
Sage,74,completed,21,false,true,4,0
Sage,75,completed,21,false,true,4,0
Sage,76,completed,21,false,true,4,0
Sage,77,completed,21,false,true,4,0
Sage,78,completed,21,false,true,4,0
Sage,79,completed,21,false,true,4,0
Sage,80,completed,21,false,true,4,0
Sage,81,completed,21,false,true,4,0
Sage,82,completed,21,false,true,4,0
Sage,83,completed,21,false,true,4,0
Sage,84,completed,21,false,true,4,0
Sage,85,completed,21,false,true,4,0
Sage,86,completed,21,false,true,4,0
Sage,87,completed,21,false,true,4,0
Sage,88,completed,21,false,true,4,0
Sage,89,completed,21,false,true,4,0
Sage,90,completed,21,false,true,4,0
Sage,91,completed,21,false,true,4,0
Sage,92,completed,21,false,true,4,0
Sage,93,completed,21,false,true,4,0
Sage,94,completed,21,false,true,4,0
Sage,95,completed,21,false,true,4,0
Sage,96,completed,21,false,true,4,0
Sage,97,completed,21,false,true,4,0
Sage,98,completed,21,false,true,4,0
Sage,99,completed,21,false,true,4,0
Sage,100,completed,21,false,true,4,0
Sage,101,completed,21,false,true,4,0
Sage,102,completed,21,false,true,4,0
Sage,103,completed,21,false,true,4,0
Sage,104,completed,21,false,true,4,0
Sage,105,completed,21,false,true,4,0
Sage,106,completed,21,false,true,4,0
Sage,107,completed,21,false,true,4,0
Sage,108,completed,21,false,true,4,0
Sage,109,completed,21,false,true,4,0
Sage,110,completed,21,false,true,4,0
Sage,111,completed,21,false,true,4,0
Sage,112,completed,21,false,true,4,0
Sage,113,completed,21,false,true,4,0
Sage,114,completed,21,false,true,4,0
Sage,115,completed,21,false,true,4,0
Sage,116,completed,21,false,true,4,0
Sage,117,completed,21,false,true,4,0
Sage,118,completed,21,false,true,4,0
Sage,119,completed,21,false,true,4,0
Sage,120,completed,21,false,true,4,0
Sage,121,completed,21,false,true,4,0
Sage,122,completed,21,false,true,4,0
Sage,123,completed,21,false,true,4,0
Sage,124,completed,21,false,true,4,0
Sage,125,completed,21,false,true,4,0
Sage,126,completed,21,false,true,4,0
Sage,127,completed,21,false,true,4,0
Sage,128,completed,21,false,true,4,0
Sage,129,completed,21,false,true,4,0
Sage,130,completed,21,false,true,4,0
Sage,131,completed,21,false,true,4,0
Sage,132,completed,21,false,true,4,0
Sage,133,completed,21,false,true,4,0
Sage,134,completed,21,false,true,4,0
Sage,135,completed,21,false,true,4,0
Sage,136,completed,21,false,true,4,0
Sage,137,completed,21,false,true,4,0
Sage,138,completed,21,false,true,4,0
Sage,139,completed,21,false,true,4,0
Sage,140,completed,21,false,true,4,0
Sage,141,completed,21,false,true,4,0
Sage,142,completed,21,false,true,4,0
Sage,143,completed,21,false,true,4,0
Sage,144,completed,21,false,true,4,0
Sage,145,completed,21,false,true,4,0
Sage,146,completed,21,false,true,4,0
Sage,147,completed,21,false,true,4,0
Sage,148,completed,21,false,true,4,0
Sage,149,completed,21,false,true,4,0
Sage,150,completed,21,false,true,4,0
Sage,151,completed,21,false,true,4,0
Sage,152,completed,21,false,true,4,0
Sage,153,completed,21,false,true,4,0
Sage,154,completed,21,false,true,4,0
Sage,155,completed,21,false,true,4,0
Sage,156,completed,21,false,true,4,0
Sage,157,completed,21,false,true,4,0
Sage,158,completed,21,false,true,4,0
Sage,159,completed,21,false,true,4,0
Sage,160,completed,21,false,true,4,0
Sage,161,completed,21,false,true,4,0
Sage,162,completed,21,false,true,4,0
Sage,163,completed,21,false,true,4,0
Sage,164,completed,21,false,true,4,0
Sage,165,completed,21,false,true,4,0
Sage,166,completed,21,false,true,4,0
Sage,167,completed,21,false,true,4,0
Sage,168,completed,21,false,true,4,0
Sage,169,completed,21,false,true,4,0
Sage,170,completed,21,false,true,4,0
Sage,171,completed,21,false,true,4,0
Sage,172,completed,21,false,true,4,0
Sage,173,completed,21,false,true,4,0
Sage,174,completed,21,false,true,4,0
Sage,175,completed,21,false,true,4,0
Sage,176,completed,21,false,true,4,0
Sage,177,completed,21,false,true,4,0
Sage,178,completed,21,false,true,4,0
Sage,179,completed,21,false,true,4,0
Sage,180,completed,21,false,true,4,0
Sage,181,completed,21,false,true,4,0
Sage,182,completed,21,false,true,4,0
Sage,183,completed,21,false,true,4,0
Sage,184,completed,21,false,true,4,0
Sage,185,completed,21,false,true,4,0
Sage,186,completed,21,false,true,4,0
Sage,187,completed,21,false,true,4,0
Sage,188,completed,21,false,true,4,0
Sage,189,completed,21,false,true,4,0
Sage,190,completed,21,false,true,4,0
Sage,191,completed,21,false,true,4,0
Sage,192,completed,21,false,true,4,0
Sage,193,completed,21,false,true,4,0
Sage,194,completed,21,false,true,4,0
Sage,195,completed,21,false,true,4,0
Sage,196,completed,21,false,true,4,0
Sage,197,completed,21,false,true,4,0
Sage,198,completed,21,false,true,4,0
Sage,199,completed,21,false,true,4,0
HardFork,0,completed,21,false,true,4,1
HardFork,1,completed,21,false,true,4,1
HardFork,2,completed,21,false,true,4,1
HardFork,3,completed,21,false,true,4,1
HardFork,4,completed,21,false,true,4,1
HardFork,5,completed,21,false,true,4,1
HardFork,6,completed,21,false,true,4,1
HardFork,7,completed,21,false,true,4,1
HardFork,8,completed,21,false,true,4,1
HardFork,9,completed,21,false,true,4,1
HardFork,10,completed,21,false,true,4,1
HardFork,11,completed,21,false,true,4,1
HardFork,12,completed,21,false,true,4,1
HardFork,13,completed,21,false,true,4,1
HardFork,14,completed,21,false,true,4,1
HardFork,15,completed,21,false,true,4,1
HardFork,16,completed,21,false,true,4,1
HardFork,17,completed,21,false,true,4,1
HardFork,18,completed,21,false,true,4,1
HardFork,19,completed,21,false,true,4,1
HardFork,20,completed,21,false,true,4,1
HardFork,21,completed,21,false,true,4,1
HardFork,22,completed,21,false,true,4,1
HardFork,23,completed,21,false,true,4,1
HardFork,24,completed,21,false,true,4,1
HardFork,25,completed,21,false,true,4,1
HardFork,26,completed,21,false,true,4,1
HardFork,27,completed,21,false,true,4,1
HardFork,28,completed,21,false,true,4,1
HardFork,29,completed,21,false,true,4,1
HardFork,30,completed,21,false,true,4,1
HardFork,31,completed,21,false,true,4,1
HardFork,32,completed,21,false,true,4,1
HardFork,33,completed,21,false,true,4,1
HardFork,34,completed,21,false,true,4,1
HardFork,35,completed,21,false,true,4,1
HardFork,36,completed,21,false,true,4,1
HardFork,37,completed,21,false,true,4,1
HardFork,38,completed,21,false,true,4,1
HardFork,39,completed,21,false,true,4,1
HardFork,40,completed,21,false,true,4,1
HardFork,41,completed,21,false,true,4,1
HardFork,42,completed,21,false,true,4,1
HardFork,43,completed,21,false,true,4,1
HardFork,44,completed,21,false,true,4,1
HardFork,45,completed,21,false,true,4,1
HardFork,46,completed,21,false,true,4,1
HardFork,47,completed,21,false,true,4,1
HardFork,48,completed,21,false,true,4,1
HardFork,49,completed,21,false,true,4,1
HardFork,50,completed,21,false,true,4,1
HardFork,51,completed,21,false,true,4,1
HardFork,52,completed,21,false,true,4,1
HardFork,53,completed,21,false,true,4,1
HardFork,54,completed,21,false,true,4,1
HardFork,55,completed,21,false,true,4,1
HardFork,56,completed,21,false,true,4,1
HardFork,57,completed,21,false,true,4,1
HardFork,58,completed,21,false,true,4,1
HardFork,59,completed,21,false,true,4,1
HardFork,60,completed,21,false,true,4,1
HardFork,61,completed,21,false,true,4,1
HardFork,62,completed,21,false,true,4,1
HardFork,63,completed,21,false,true,4,1
HardFork,64,completed,21,false,true,4,1
HardFork,65,completed,21,false,true,4,1
HardFork,66,completed,21,false,true,4,1
HardFork,67,completed,21,false,true,4,1
HardFork,68,completed,21,false,true,4,1
HardFork,69,completed,21,false,true,4,1
HardFork,70,completed,21,false,true,4,1
HardFork,71,completed,21,false,true,4,1
HardFork,72,completed,21,false,true,4,1
HardFork,73,completed,21,false,true,4,1
HardFork,74,completed,21,false,true,4,1
HardFork,75,completed,21,false,true,4,1
HardFork,76,completed,21,false,true,4,1
HardFork,77,completed,21,false,true,4,1
HardFork,78,completed,21,false,true,4,1
HardFork,79,completed,21,false,true,4,1
HardFork,80,completed,21,false,true,4,1
HardFork,81,completed,21,false,true,4,1
HardFork,82,completed,21,false,true,4,1
HardFork,83,completed,21,false,true,4,1
HardFork,84,completed,21,false,true,4,1
HardFork,85,completed,21,false,true,4,1
HardFork,86,completed,21,false,true,4,1
HardFork,87,completed,21,false,true,4,1
HardFork,88,completed,21,false,true,4,1
HardFork,89,completed,21,false,true,4,1
HardFork,90,completed,21,false,true,4,1
HardFork,91,completed,21,false,true,4,1
HardFork,92,completed,21,false,true,4,1
HardFork,93,completed,21,false,true,4,1
HardFork,94,completed,21,false,true,4,1
HardFork,95,completed,21,false,true,4,1
HardFork,96,completed,21,false,true,4,1
HardFork,97,completed,21,false,true,4,1
HardFork,98,completed,21,false,true,4,1
HardFork,99,completed,21,false,true,4,1
HardFork,100,completed,21,false,true,4,1
HardFork,101,completed,21,false,true,4,1
HardFork,102,completed,21,false,true,4,1
HardFork,103,completed,21,false,true,4,1
HardFork,104,completed,21,false,true,4,1
HardFork,105,completed,21,false,true,4,1
HardFork,106,completed,21,false,true,4,1
HardFork,107,completed,21,false,true,4,1
HardFork,108,completed,21,false,true,4,1
HardFork,109,completed,21,false,true,4,1
HardFork,110,completed,21,false,true,4,1
HardFork,111,completed,21,false,true,4,1
HardFork,112,completed,21,false,true,4,1
HardFork,113,completed,21,false,true,4,1
HardFork,114,completed,21,false,true,4,1
HardFork,115,completed,21,false,true,4,1
HardFork,116,completed,21,false,true,4,1
HardFork,117,completed,21,false,true,4,1
HardFork,118,completed,21,false,true,4,1
HardFork,119,completed,21,false,true,4,1
HardFork,120,completed,21,false,true,4,1
HardFork,121,completed,21,false,true,4,1
HardFork,122,completed,21,false,true,4,1
HardFork,123,completed,21,false,true,4,1
HardFork,124,completed,21,false,true,4,1
HardFork,125,completed,21,false,true,4,1
HardFork,126,completed,21,false,true,4,1
HardFork,127,completed,21,false,true,4,1
HardFork,128,completed,21,false,true,4,1
HardFork,129,completed,21,false,true,4,1
HardFork,130,completed,21,false,true,4,1
HardFork,131,completed,21,false,true,4,1
HardFork,132,completed,21,false,true,4,1
HardFork,133,completed,21,false,true,4,1
HardFork,134,completed,21,false,true,4,1
HardFork,135,completed,21,false,true,4,1
HardFork,136,completed,21,false,true,4,1
HardFork,137,completed,21,false,true,4,1
HardFork,138,completed,21,false,true,4,1
HardFork,139,completed,21,false,true,4,1
HardFork,140,completed,21,false,true,4,1
HardFork,141,completed,21,false,true,4,1
HardFork,142,completed,21,false,true,4,1
HardFork,143,completed,21,false,true,4,1
HardFork,144,completed,21,false,true,4,1
HardFork,145,completed,21,false,true,4,1
HardFork,146,completed,21,false,true,4,1
HardFork,147,completed,21,false,true,4,1
HardFork,148,completed,21,false,true,4,1
HardFork,149,completed,21,false,true,4,1
HardFork,150,completed,21,false,true,4,1
HardFork,151,completed,21,false,true,4,1
HardFork,152,completed,21,false,true,4,1
HardFork,153,completed,21,false,true,4,1
HardFork,154,completed,21,false,true,4,1
HardFork,155,completed,21,false,true,4,1
HardFork,156,completed,21,false,true,4,1
HardFork,157,completed,21,false,true,4,1
HardFork,158,completed,21,false,true,4,1
HardFork,159,completed,21,false,true,4,1
HardFork,160,completed,21,false,true,4,1
HardFork,161,completed,21,false,true,4,1
HardFork,162,completed,21,false,true,4,1
HardFork,163,completed,21,false,true,4,1
HardFork,164,completed,21,false,true,4,1
HardFork,165,completed,21,false,true,4,1
HardFork,166,completed,21,false,true,4,1
HardFork,167,completed,21,false,true,4,1
HardFork,168,completed,21,false,true,4,1
HardFork,169,completed,21,false,true,4,1
HardFork,170,completed,21,false,true,4,1
HardFork,171,completed,21,false,true,4,1
HardFork,172,completed,21,false,true,4,1
HardFork,173,completed,21,false,true,4,1
HardFork,174,completed,21,false,true,4,1
HardFork,175,completed,21,false,true,4,1
HardFork,176,completed,21,false,true,4,1
HardFork,177,completed,21,false,true,4,1
HardFork,178,completed,21,false,true,4,1
HardFork,179,completed,21,false,true,4,1
HardFork,180,completed,21,false,true,4,1
HardFork,181,completed,21,false,true,4,1
HardFork,182,completed,21,false,true,4,1
HardFork,183,completed,21,false,true,4,1
HardFork,184,completed,21,false,true,4,1
HardFork,185,completed,21,false,true,4,1
HardFork,186,completed,21,false,true,4,1
HardFork,187,completed,21,false,true,4,1
HardFork,188,completed,21,false,true,4,1
HardFork,189,completed,21,false,true,4,1
HardFork,190,completed,21,false,true,4,1
HardFork,191,completed,21,false,true,4,1
HardFork,192,completed,21,false,true,4,1
HardFork,193,completed,21,false,true,4,1
HardFork,194,completed,21,false,true,4,1
HardFork,195,completed,21,false,true,4,1
HardFork,196,completed,21,false,true,4,1
HardFork,197,completed,21,false,true,4,1
HardFork,198,completed,21,false,true,4,1
HardFork,199,completed,21,false,true,4,1
SageBlind,0,completed,21,false,true,4,1
SageBlind,1,completed,21,false,true,4,1
SageBlind,2,completed,21,false,true,4,1
SageBlind,3,completed,21,false,true,4,1
SageBlind,4,completed,21,false,true,4,1
SageBlind,5,completed,21,false,true,4,1
SageBlind,6,completed,21,false,true,4,1
SageBlind,7,completed,21,false,true,4,1
SageBlind,8,completed,21,false,true,4,1
SageBlind,9,completed,21,false,true,4,1
SageBlind,10,completed,21,false,true,4,1
SageBlind,11,completed,21,false,true,4,1
SageBlind,12,completed,21,false,true,4,1
SageBlind,13,completed,21,false,true,4,1
SageBlind,14,completed,21,false,true,4,1
SageBlind,15,completed,21,false,true,4,1
SageBlind,16,completed,21,false,true,4,1
SageBlind,17,completed,21,false,true,4,1
SageBlind,18,completed,21,false,true,4,1
SageBlind,19,completed,21,false,true,4,1
SageBlind,20,completed,21,false,true,4,1
SageBlind,21,completed,21,false,true,4,1
SageBlind,22,completed,21,false,true,4,1
SageBlind,23,completed,21,false,true,4,1
SageBlind,24,completed,21,false,true,4,1
SageBlind,25,completed,21,false,true,4,1
SageBlind,26,completed,21,false,true,4,1
SageBlind,27,completed,21,false,true,4,1
SageBlind,28,completed,21,false,true,4,1
SageBlind,29,completed,21,false,true,4,1
SageBlind,30,completed,21,false,true,4,1
SageBlind,31,completed,21,false,true,4,1
SageBlind,32,completed,21,false,true,4,1
SageBlind,33,completed,21,false,true,4,1
SageBlind,34,completed,21,false,true,4,1
SageBlind,35,completed,21,false,true,4,1
SageBlind,36,completed,21,false,true,4,1
SageBlind,37,completed,21,false,true,4,1
SageBlind,38,completed,21,false,true,4,1
SageBlind,39,completed,21,false,true,4,1
SageBlind,40,completed,21,false,true,4,1
SageBlind,41,completed,21,false,true,4,1
SageBlind,42,completed,21,false,true,4,1
SageBlind,43,completed,21,false,true,4,1
SageBlind,44,completed,21,false,true,4,1
SageBlind,45,completed,21,false,true,4,1
SageBlind,46,completed,21,false,true,4,1
SageBlind,47,completed,21,false,true,4,1
SageBlind,48,completed,21,false,true,4,1
SageBlind,49,completed,21,false,true,4,1
SageBlind,50,completed,21,false,true,4,1
SageBlind,51,completed,21,false,true,4,1
SageBlind,52,completed,21,false,true,4,1
SageBlind,53,completed,21,false,true,4,1
SageBlind,54,completed,21,false,true,4,1
SageBlind,55,completed,21,false,true,4,1
SageBlind,56,completed,21,false,true,4,1
SageBlind,57,completed,21,false,true,4,1
SageBlind,58,completed,21,false,true,4,1
SageBlind,59,completed,21,false,true,4,1
SageBlind,60,completed,21,false,true,4,1
SageBlind,61,completed,21,false,true,4,1
SageBlind,62,completed,21,false,true,4,1
SageBlind,63,completed,21,false,true,4,1
SageBlind,64,completed,21,false,true,4,1
SageBlind,65,completed,21,false,true,4,1
SageBlind,66,completed,21,false,true,4,1
SageBlind,67,completed,21,false,true,4,1
SageBlind,68,completed,21,false,true,4,1
SageBlind,69,completed,21,false,true,4,1
SageBlind,70,completed,21,false,true,4,1
SageBlind,71,completed,21,false,true,4,1
SageBlind,72,completed,21,false,true,4,1
SageBlind,73,completed,21,false,true,4,1
SageBlind,74,completed,21,false,true,4,1
SageBlind,75,completed,21,false,true,4,1
SageBlind,76,completed,21,false,true,4,1
SageBlind,77,completed,21,false,true,4,1
SageBlind,78,completed,21,false,true,4,1
SageBlind,79,completed,21,false,true,4,1
SageBlind,80,completed,21,false,true,4,1
SageBlind,81,completed,21,false,true,4,1
SageBlind,82,completed,21,false,true,4,1
SageBlind,83,completed,21,false,true,4,1
SageBlind,84,completed,21,false,true,4,1
SageBlind,85,completed,21,false,true,4,1
SageBlind,86,completed,21,false,true,4,1
SageBlind,87,completed,21,false,true,4,1
SageBlind,88,completed,21,false,true,4,1
SageBlind,89,completed,21,false,true,4,1
SageBlind,90,completed,21,false,true,4,1
SageBlind,91,completed,21,false,true,4,1
SageBlind,92,completed,21,false,true,4,1
SageBlind,93,completed,21,false,true,4,1
SageBlind,94,completed,21,false,true,4,1
SageBlind,95,completed,21,false,true,4,1
SageBlind,96,completed,21,false,true,4,1
SageBlind,97,completed,21,false,true,4,1
SageBlind,98,completed,21,false,true,4,1
SageBlind,99,completed,21,false,true,4,1
SageBlind,100,completed,21,false,true,4,1
SageBlind,101,completed,21,false,true,4,1
SageBlind,102,completed,21,false,true,4,1
SageBlind,103,completed,21,false,true,4,1
SageBlind,104,completed,21,false,true,4,1
SageBlind,105,completed,21,false,true,4,1
SageBlind,106,completed,21,false,true,4,1
SageBlind,107,completed,21,false,true,4,1
SageBlind,108,completed,21,false,true,4,1
SageBlind,109,completed,21,false,true,4,1
SageBlind,110,completed,21,false,true,4,1
SageBlind,111,completed,21,false,true,4,1
SageBlind,112,completed,21,false,true,4,1
SageBlind,113,completed,21,false,true,4,1
SageBlind,114,completed,21,false,true,4,1
SageBlind,115,completed,21,false,true,4,1
SageBlind,116,completed,21,false,true,4,1
SageBlind,117,completed,21,false,true,4,1
SageBlind,118,completed,21,false,true,4,1
SageBlind,119,completed,21,false,true,4,1
SageBlind,120,completed,21,false,true,4,1
SageBlind,121,completed,21,false,true,4,1
SageBlind,122,completed,21,false,true,4,1
SageBlind,123,completed,21,false,true,4,1
SageBlind,124,completed,21,false,true,4,1
SageBlind,125,completed,21,false,true,4,1
SageBlind,126,completed,21,false,true,4,1
SageBlind,127,completed,21,false,true,4,1
SageBlind,128,completed,21,false,true,4,1
SageBlind,129,completed,21,false,true,4,1
SageBlind,130,completed,21,false,true,4,1
SageBlind,131,completed,21,false,true,4,1
SageBlind,132,completed,21,false,true,4,1
SageBlind,133,completed,21,false,true,4,1
SageBlind,134,completed,21,false,true,4,1
SageBlind,135,completed,21,false,true,4,1
SageBlind,136,completed,21,false,true,4,1
SageBlind,137,completed,21,false,true,4,1
SageBlind,138,completed,21,false,true,4,1
SageBlind,139,completed,21,false,true,4,1
SageBlind,140,completed,21,false,true,4,1
SageBlind,141,completed,21,false,true,4,1
SageBlind,142,completed,21,false,true,4,1
SageBlind,143,completed,21,false,true,4,1
SageBlind,144,completed,21,false,true,4,1
SageBlind,145,completed,21,false,true,4,1
SageBlind,146,completed,21,false,true,4,1
SageBlind,147,completed,21,false,true,4,1
SageBlind,148,completed,21,false,true,4,1
SageBlind,149,completed,21,false,true,4,1
SageBlind,150,completed,21,false,true,4,1
SageBlind,151,completed,21,false,true,4,1
SageBlind,152,completed,21,false,true,4,1
SageBlind,153,completed,21,false,true,4,1
SageBlind,154,completed,21,false,true,4,1
SageBlind,155,completed,21,false,true,4,1
SageBlind,156,completed,21,false,true,4,1
SageBlind,157,completed,21,false,true,4,1
SageBlind,158,completed,21,false,true,4,1
SageBlind,159,completed,21,false,true,4,1
SageBlind,160,completed,21,false,true,4,1
SageBlind,161,completed,21,false,true,4,1
SageBlind,162,completed,21,false,true,4,1
SageBlind,163,completed,21,false,true,4,1
SageBlind,164,completed,21,false,true,4,1
SageBlind,165,completed,21,false,true,4,1
SageBlind,166,completed,21,false,true,4,1
SageBlind,167,completed,21,false,true,4,1
SageBlind,168,completed,21,false,true,4,1
SageBlind,169,completed,21,false,true,4,1
SageBlind,170,completed,21,false,true,4,1
SageBlind,171,completed,21,false,true,4,1
SageBlind,172,completed,21,false,true,4,1
SageBlind,173,completed,21,false,true,4,1
SageBlind,174,completed,21,false,true,4,1
SageBlind,175,completed,21,false,true,4,1
SageBlind,176,completed,21,false,true,4,1
SageBlind,177,completed,21,false,true,4,1
SageBlind,178,completed,21,false,true,4,1
SageBlind,179,completed,21,false,true,4,1
SageBlind,180,completed,21,false,true,4,1
SageBlind,181,completed,21,false,true,4,1
SageBlind,182,completed,21,false,true,4,1
SageBlind,183,completed,21,false,true,4,1
SageBlind,184,completed,21,false,true,4,1
SageBlind,185,completed,21,false,true,4,1
SageBlind,186,completed,21,false,true,4,1
SageBlind,187,completed,21,false,true,4,1
SageBlind,188,completed,21,false,true,4,1
SageBlind,189,completed,21,false,true,4,1
SageBlind,190,completed,21,false,true,4,1
SageBlind,191,completed,21,false,true,4,1
SageBlind,192,completed,21,false,true,4,1
SageBlind,193,completed,21,false,true,4,1
SageBlind,194,completed,21,false,true,4,1
SageBlind,195,completed,21,false,true,4,1
SageBlind,196,completed,21,false,true,4,1
SageBlind,197,completed,21,false,true,4,1
SageBlind,198,completed,21,false,true,4,1
SageBlind,199,completed,21,false,true,4,1
