experiment,strategy,seed,n,f,finalized_blocks,max_finalized_height,safety_violation,cutover_height,cutover_latency_micros,migration_success,run_status
scaling,Sage,0,4,1,160,40,false,30,95,true,ok
scaling,Sage,1,4,1,160,40,false,30,84,true,ok
scaling,Sage,2,4,1,160,40,false,30,83,true,ok
scaling,Sage,3,4,1,160,40,false,30,79,true,ok
scaling,Sage,4,4,1,160,40,false,30,120,true,ok
scaling,Sage,5,4,1,160,40,false,30,113,true,ok
scaling,Sage,6,4,1,160,40,false,30,103,true,ok
scaling,Sage,7,4,1,160,40,false,30,108,true,ok
scaling,Sage,8,4,1,160,40,false,30,80,true,ok
scaling,Sage,9,4,1,160,40,false,30,108,true,ok
scaling,Sage,10,4,1,160,40,false,30,95,true,ok
scaling,Sage,11,4,1,160,40,false,30,83,true,ok
scaling,Sage,12,4,1,160,40,false,30,74,true,ok
scaling,Sage,13,4,1,160,40,false,30,139,true,ok
scaling,Sage,14,4,1,160,40,false,30,113,true,ok
scaling,Sage,15,4,1,160,40,false,30,109,true,ok
scaling,Sage,16,4,1,160,40,false,30,96,true,ok
scaling,Sage,17,4,1,160,40,false,30,120,true,ok
scaling,Sage,18,4,1,160,40,false,30,79,true,ok
scaling,Sage,19,4,1,160,40,false,30,104,true,ok
scaling,Sage,0,7,2,280,40,false,30,118,true,ok
scaling,Sage,1,7,2,280,40,false,30,90,true,ok
scaling,Sage,2,7,2,280,40,false,30,115,true,ok
scaling,Sage,3,7,2,280,40,false,30,144,true,ok
scaling,Sage,4,7,2,280,40,false,30,95,true,ok
scaling,Sage,5,7,2,280,40,false,30,106,true,ok
scaling,Sage,6,7,2,280,40,false,30,96,true,ok
scaling,Sage,7,7,2,280,40,false,30,109,true,ok
scaling,Sage,8,7,2,280,40,false,30,96,true,ok
scaling,Sage,9,7,2,280,40,false,30,117,true,ok
scaling,Sage,10,7,2,280,40,false,30,93,true,ok
scaling,Sage,11,7,2,280,40,false,30,113,true,ok
scaling,Sage,12,7,2,280,40,false,30,140,true,ok
scaling,Sage,13,7,2,280,40,false,30,103,true,ok
scaling,Sage,14,7,2,280,40,false,30,100,true,ok
scaling,Sage,15,7,2,280,40,false,30,93,true,ok
scaling,Sage,16,7,2,280,40,false,30,112,true,ok
scaling,Sage,17,7,2,280,40,false,30,109,true,ok
scaling,Sage,18,7,2,280,40,false,30,82,true,ok
scaling,Sage,19,7,2,280,40,false,30,125,true,ok
scaling,Sage,0,10,3,400,40,false,30,118,true,ok
scaling,Sage,1,10,3,400,40,false,30,112,true,ok
scaling,Sage,2,10,3,400,40,false,30,110,true,ok
scaling,Sage,3,10,3,400,40,false,30,124,true,ok
scaling,Sage,4,10,3,400,40,false,30,112,true,ok
scaling,Sage,5,10,3,400,40,false,30,145,true,ok
scaling,Sage,6,10,3,400,40,false,30,120,true,ok
scaling,Sage,7,10,3,400,40,false,30,107,true,ok
scaling,Sage,8,10,3,400,40,false,30,98,true,ok
scaling,Sage,9,10,3,400,40,false,30,127,true,ok
scaling,Sage,10,10,3,400,40,false,30,118,true,ok
scaling,Sage,11,10,3,400,40,false,30,121,true,ok
scaling,Sage,12,10,3,400,40,false,30,119,true,ok
scaling,Sage,13,10,3,400,40,false,30,138,true,ok
scaling,Sage,14,10,3,400,40,false,30,95,true,ok
scaling,Sage,15,10,3,400,40,false,30,107,true,ok
scaling,Sage,16,10,3,400,40,false,30,123,true,ok
scaling,Sage,17,10,3,400,40,false,30,122,true,ok
scaling,Sage,18,10,3,400,40,false,30,118,true,ok
scaling,Sage,19,10,3,400,40,false,30,100,true,ok
scaling,Sage,0,13,4,520,40,false,30,107,true,ok
scaling,Sage,1,13,4,520,40,false,30,130,true,ok
scaling,Sage,2,13,4,520,40,false,30,103,true,ok
scaling,Sage,3,13,4,520,40,false,30,115,true,ok
scaling,Sage,4,13,4,520,40,false,30,123,true,ok
scaling,Sage,5,13,4,520,40,false,30,95,true,ok
scaling,Sage,6,13,4,520,40,false,30,108,true,ok
scaling,Sage,7,13,4,520,40,false,30,122,true,ok
scaling,Sage,8,13,4,520,40,false,30,117,true,ok
scaling,Sage,9,13,4,520,40,false,30,121,true,ok
scaling,Sage,10,13,4,520,40,false,30,114,true,ok
scaling,Sage,11,13,4,520,40,false,30,128,true,ok
scaling,Sage,12,13,4,520,40,false,30,113,true,ok
scaling,Sage,13,13,4,520,40,false,30,117,true,ok
scaling,Sage,14,13,4,520,40,false,30,91,true,ok
scaling,Sage,15,13,4,520,40,false,30,126,true,ok
scaling,Sage,16,13,4,520,40,false,30,118,true,ok
scaling,Sage,17,13,4,520,40,false,30,106,true,ok
scaling,Sage,18,13,4,520,40,false,30,118,true,ok
scaling,Sage,19,13,4,520,40,false,30,128,true,ok
scaling,Sage,0,16,5,640,40,false,30,95,true,ok
scaling,Sage,1,16,5,640,40,false,30,94,true,ok
scaling,Sage,2,16,5,640,40,false,30,110,true,ok
scaling,Sage,3,16,5,640,40,false,30,113,true,ok
scaling,Sage,4,16,5,640,40,false,30,120,true,ok
scaling,Sage,5,16,5,640,40,false,30,103,true,ok
scaling,Sage,6,16,5,640,40,false,30,121,true,ok
scaling,Sage,7,16,5,640,40,false,30,115,true,ok
scaling,Sage,8,16,5,640,40,false,30,115,true,ok
scaling,Sage,9,16,5,640,40,false,30,106,true,ok
scaling,Sage,10,16,5,640,40,false,30,101,true,ok
scaling,Sage,11,16,5,640,40,false,30,120,true,ok
scaling,Sage,12,16,5,640,40,false,30,100,true,ok
scaling,Sage,13,16,5,640,40,false,30,107,true,ok
scaling,Sage,14,16,5,640,40,false,30,97,true,ok
scaling,Sage,15,16,5,640,40,false,30,104,true,ok
scaling,Sage,16,16,5,640,40,false,30,106,true,ok
scaling,Sage,17,16,5,640,40,false,30,101,true,ok
scaling,Sage,18,16,5,640,40,false,30,109,true,ok
scaling,Sage,19,16,5,640,40,false,30,117,true,ok
scaling,Sage,0,20,6,800,40,false,30,109,true,ok
scaling,Sage,1,20,6,800,40,false,30,112,true,ok
scaling,Sage,2,20,6,800,40,false,30,110,true,ok
scaling,Sage,3,20,6,800,40,false,30,108,true,ok
scaling,Sage,4,20,6,800,40,false,30,89,true,ok
scaling,Sage,5,20,6,800,40,false,30,104,true,ok
scaling,Sage,6,20,6,800,40,false,30,118,true,ok
scaling,Sage,7,20,6,800,40,false,30,94,true,ok
scaling,Sage,8,20,6,800,40,false,30,93,true,ok
scaling,Sage,9,20,6,800,40,false,30,114,true,ok
scaling,Sage,10,20,6,800,40,false,30,104,true,ok
scaling,Sage,11,20,6,800,40,false,30,107,true,ok
scaling,Sage,12,20,6,800,40,false,30,97,true,ok
scaling,Sage,13,20,6,800,40,false,30,95,true,ok
scaling,Sage,14,20,6,800,40,false,30,117,true,ok
scaling,Sage,15,20,6,800,40,false,30,110,true,ok
scaling,Sage,16,20,6,800,40,false,30,115,true,ok
scaling,Sage,17,20,6,800,40,false,30,111,true,ok
scaling,Sage,18,20,6,800,40,false,30,94,true,ok
scaling,Sage,19,20,6,800,40,false,30,103,true,ok
scaling,Sage,0,25,8,1000,40,false,30,113,true,ok
scaling,Sage,1,25,8,1000,40,false,30,114,true,ok
scaling,Sage,2,25,8,1000,40,false,30,108,true,ok
scaling,Sage,3,25,8,1000,40,false,30,102,true,ok
scaling,Sage,4,25,8,1000,40,false,30,111,true,ok
scaling,Sage,5,25,8,1000,40,false,30,108,true,ok
scaling,Sage,6,25,8,1000,40,false,30,99,true,ok
scaling,Sage,7,25,8,1000,40,false,30,105,true,ok
scaling,Sage,8,25,8,1000,40,false,30,112,true,ok
scaling,Sage,9,25,8,1000,40,false,30,103,true,ok
scaling,Sage,10,25,8,1000,40,false,30,96,true,ok
scaling,Sage,11,25,8,1000,40,false,30,115,true,ok
scaling,Sage,12,25,8,1000,40,false,30,107,true,ok
scaling,Sage,13,25,8,1000,40,false,30,110,true,ok
scaling,Sage,14,25,8,1000,40,false,30,112,true,ok
scaling,Sage,15,25,8,1000,40,false,30,117,true,ok
scaling,Sage,16,25,8,1000,40,false,30,110,true,ok
scaling,Sage,17,25,8,1000,40,false,30,106,true,ok
scaling,Sage,18,25,8,1000,40,false,30,110,true,ok
scaling,Sage,19,25,8,1000,40,false,30,108,true,ok
scaling,Sage,0,31,10,1240,40,false,30,109,true,ok
scaling,Sage,1,31,10,1240,40,false,30,118,true,ok
scaling,Sage,2,31,10,1240,40,false,30,113,true,ok
scaling,Sage,3,31,10,1240,40,false,30,107,true,ok
scaling,Sage,4,31,10,1240,40,false,30,109,true,ok
scaling,Sage,5,31,10,1240,40,false,30,115,true,ok
scaling,Sage,6,31,10,1240,40,false,30,100,true,ok
scaling,Sage,7,31,10,1240,40,false,30,106,true,ok
scaling,Sage,8,31,10,1240,40,false,30,104,true,ok
scaling,Sage,9,31,10,1240,40,false,30,92,true,ok
scaling,Sage,10,31,10,1240,40,false,30,107,true,ok
scaling,Sage,11,31,10,1240,40,false,30,108,true,ok
scaling,Sage,12,31,10,1240,40,false,30,110,true,ok
scaling,Sage,13,31,10,1240,40,false,30,107,true,ok
scaling,Sage,14,31,10,1240,40,false,30,108,true,ok
scaling,Sage,15,31,10,1240,40,false,30,113,true,ok
scaling,Sage,16,31,10,1240,40,false,30,110,true,ok
scaling,Sage,17,31,10,1240,40,false,30,105,true,ok
scaling,Sage,18,31,10,1240,40,false,30,121,true,ok
scaling,Sage,19,31,10,1240,40,false,30,114,true,ok
scaling,Sage,0,50,16,2000,40,false,30,104,true,ok
scaling,Sage,1,50,16,2000,40,false,30,95,true,ok
scaling,Sage,2,50,16,2000,40,false,30,102,true,ok
scaling,Sage,3,50,16,2000,40,false,30,108,true,ok
scaling,Sage,4,50,16,2000,40,false,30,114,true,ok
scaling,Sage,5,50,16,2000,40,false,30,100,true,ok
scaling,Sage,6,50,16,2000,40,false,30,100,true,ok
scaling,Sage,7,50,16,2000,40,false,30,107,true,ok
scaling,Sage,8,50,16,2000,40,false,30,97,true,ok
scaling,Sage,9,50,16,2000,40,false,30,106,true,ok
scaling,Sage,10,50,16,2000,40,false,30,101,true,ok
scaling,Sage,11,50,16,2000,40,false,30,104,true,ok
scaling,Sage,12,50,16,2000,40,false,30,117,true,ok
scaling,Sage,13,50,16,2000,40,false,30,111,true,ok
scaling,Sage,14,50,16,2000,40,false,30,103,true,ok
scaling,Sage,15,50,16,2000,40,false,30,108,true,ok
scaling,Sage,16,50,16,2000,40,false,30,99,true,ok
scaling,Sage,17,50,16,2000,40,false,30,99,true,ok
scaling,Sage,18,50,16,2000,40,false,30,103,true,ok
scaling,Sage,19,50,16,2000,40,false,30,97,true,ok
scaling,Sage,0,100,33,4000,40,false,30,105,true,ok
scaling,Sage,1,100,33,4000,40,false,30,103,true,ok
scaling,Sage,2,100,33,4000,40,false,30,105,true,ok
scaling,Sage,3,100,33,4000,40,false,30,103,true,ok
scaling,Sage,4,100,33,4000,40,false,30,108,true,ok
scaling,Sage,5,100,33,4000,40,false,30,102,true,ok
scaling,Sage,6,100,33,4000,40,false,30,104,true,ok
scaling,Sage,7,100,33,4000,40,false,30,104,true,ok
scaling,Sage,8,100,33,4000,40,false,30,105,true,ok
scaling,Sage,9,100,33,4000,40,false,30,103,true,ok
scaling,Sage,10,100,33,4000,40,false,30,102,true,ok
scaling,Sage,11,100,33,4000,40,false,30,111,true,ok
scaling,Sage,12,100,33,4000,40,false,30,98,true,ok
scaling,Sage,13,100,33,4000,40,false,30,108,true,ok
scaling,Sage,14,100,33,4000,40,false,30,104,true,ok
scaling,Sage,15,100,33,4000,40,false,30,103,true,ok
scaling,Sage,16,100,33,4000,40,false,30,104,true,ok
scaling,Sage,17,100,33,4000,40,false,30,105,true,ok
scaling,Sage,18,100,33,4000,40,false,30,107,true,ok
scaling,Sage,19,100,33,4000,40,false,30,105,true,ok
