experiment,strategy,seed,mean_delay_micros,finalized_blocks,max_finalized_height,safety_violation,cutover_height,cutover_latency_micros,migration_success,run_status
sensitivity,Sage,0,20000,800,40,false,30,51174,true,ok
sensitivity,Sage,1,20000,800,40,false,30,47317,true,ok
sensitivity,Sage,2,20000,800,40,false,30,50731,true,ok
sensitivity,Sage,3,20000,800,40,false,30,50122,true,ok
sensitivity,Sage,4,20000,800,40,false,30,47371,true,ok
sensitivity,Sage,5,20000,800,40,false,30,54021,true,ok
sensitivity,Sage,6,20000,800,40,false,30,53004,true,ok
sensitivity,Sage,7,20000,800,40,false,30,56406,true,ok
sensitivity,Sage,8,20000,800,40,false,30,56759,true,ok
sensitivity,Sage,9,20000,800,40,false,30,53301,true,ok
sensitivity,Sage,10,20000,800,40,false,30,51617,true,ok
sensitivity,Sage,11,20000,800,40,false,30,47905,true,ok
sensitivity,Sage,12,20000,800,40,false,30,55848,true,ok
sensitivity,Sage,13,20000,800,40,false,30,47870,true,ok
sensitivity,Sage,14,20000,800,40,false,30,49549,true,ok
sensitivity,Sage,15,20000,800,40,false,30,51495,true,ok
sensitivity,Sage,16,20000,800,40,false,30,55529,true,ok
sensitivity,Sage,17,20000,800,40,false,30,54201,true,ok
sensitivity,Sage,18,20000,800,40,false,30,52756,true,ok
sensitivity,Sage,19,20000,800,40,false,30,49028,true,ok
sensitivity,Sage,0,40000,800,40,false,30,100719,true,ok
sensitivity,Sage,1,40000,800,40,false,30,108293,true,ok
sensitivity,Sage,2,40000,800,40,false,30,107052,true,ok
sensitivity,Sage,3,40000,800,40,false,30,110113,true,ok
sensitivity,Sage,4,40000,800,40,false,30,118093,true,ok
sensitivity,Sage,5,40000,800,40,false,30,105154,true,ok
sensitivity,Sage,6,40000,800,40,false,30,100901,true,ok
sensitivity,Sage,7,40000,800,40,false,30,108171,true,ok
sensitivity,Sage,8,40000,800,40,false,30,105488,true,ok
sensitivity,Sage,9,40000,800,40,false,30,101865,true,ok
sensitivity,Sage,10,40000,800,40,false,30,115741,true,ok
sensitivity,Sage,11,40000,800,40,false,30,101578,true,ok
sensitivity,Sage,12,40000,800,40,false,30,109275,true,ok
sensitivity,Sage,13,40000,800,40,false,30,104643,true,ok
sensitivity,Sage,14,40000,800,40,false,30,105761,true,ok
sensitivity,Sage,15,40000,800,40,false,30,122417,true,ok
sensitivity,Sage,16,40000,800,40,false,30,101141,true,ok
sensitivity,Sage,17,40000,800,40,false,30,104144,true,ok
sensitivity,Sage,18,40000,800,40,false,30,100160,true,ok
sensitivity,Sage,19,40000,800,40,false,30,115643,true,ok
sensitivity,Sage,0,80000,800,40,false,30,203108,true,ok
sensitivity,Sage,1,80000,800,40,false,30,164066,true,ok
sensitivity,Sage,2,80000,800,40,false,30,197537,true,ok
sensitivity,Sage,3,80000,800,40,false,30,243916,true,ok
sensitivity,Sage,4,80000,800,40,false,30,191364,true,ok
sensitivity,Sage,5,80000,800,40,false,30,223138,true,ok
sensitivity,Sage,6,80000,800,40,false,30,212130,true,ok
sensitivity,Sage,7,80000,800,40,false,30,217800,true,ok
sensitivity,Sage,8,80000,800,40,false,30,209344,true,ok
sensitivity,Sage,9,80000,800,40,false,30,179304,true,ok
sensitivity,Sage,10,80000,800,40,false,30,197850,true,ok
sensitivity,Sage,11,80000,800,40,false,30,217299,true,ok
sensitivity,Sage,12,80000,800,40,false,30,188908,true,ok
sensitivity,Sage,13,80000,800,40,false,30,190271,true,ok
sensitivity,Sage,14,80000,800,40,false,30,225167,true,ok
sensitivity,Sage,15,80000,800,40,false,30,212832,true,ok
sensitivity,Sage,16,80000,800,40,false,30,209236,true,ok
sensitivity,Sage,17,80000,800,40,false,30,185873,true,ok
sensitivity,Sage,18,80000,800,40,false,30,181234,true,ok
sensitivity,Sage,19,80000,800,40,false,30,205575,true,ok
sensitivity,Sage,0,160000,800,40,false,30,387014,true,ok
sensitivity,Sage,1,160000,800,40,false,30,388062,true,ok
sensitivity,Sage,2,160000,800,40,false,30,414755,true,ok
sensitivity,Sage,3,160000,800,40,false,30,479412,true,ok
sensitivity,Sage,4,160000,800,40,false,30,397980,true,ok
sensitivity,Sage,5,160000,800,40,false,30,442193,true,ok
sensitivity,Sage,6,160000,800,40,false,30,469401,true,ok
sensitivity,Sage,7,160000,800,40,false,30,411202,true,ok
sensitivity,Sage,8,160000,800,40,false,30,345596,true,ok
sensitivity,Sage,9,160000,800,40,false,30,393036,true,ok
sensitivity,Sage,10,160000,800,40,false,30,421347,true,ok
sensitivity,Sage,11,160000,800,40,false,30,375195,true,ok
sensitivity,Sage,12,160000,800,40,false,30,444600,true,ok
sensitivity,Sage,13,160000,800,40,false,30,360234,true,ok
sensitivity,Sage,14,160000,800,40,false,30,393501,true,ok
sensitivity,Sage,15,160000,800,40,false,30,424270,true,ok
sensitivity,Sage,16,160000,800,40,false,30,413890,true,ok
sensitivity,Sage,17,160000,800,40,false,30,401063,true,ok
sensitivity,Sage,18,160000,800,40,false,30,402658,true,ok
sensitivity,Sage,19,160000,800,40,false,30,400932,true,ok
sensitivity,Sage,0,320000,800,40,false,30,805292,true,ok
sensitivity,Sage,1,320000,800,40,false,30,728384,true,ok
sensitivity,Sage,2,320000,800,40,false,30,940844,true,ok
sensitivity,Sage,3,320000,800,40,false,30,860113,true,ok
sensitivity,Sage,4,320000,800,40,false,30,974190,true,ok
sensitivity,Sage,5,320000,800,40,false,30,769184,true,ok
sensitivity,Sage,6,320000,800,40,false,30,915932,true,ok
sensitivity,Sage,7,320000,800,40,false,30,901669,true,ok
sensitivity,Sage,8,320000,800,40,false,30,841173,true,ok
sensitivity,Sage,9,320000,800,40,false,30,802090,true,ok
sensitivity,Sage,10,320000,800,40,false,30,890173,true,ok
sensitivity,Sage,11,320000,800,40,false,30,797284,true,ok
sensitivity,Sage,12,320000,800,40,false,30,792483,true,ok
sensitivity,Sage,13,320000,800,40,false,30,848837,true,ok
sensitivity,Sage,14,320000,800,40,false,30,917648,true,ok
sensitivity,Sage,15,320000,800,40,false,30,760267,true,ok
sensitivity,Sage,16,320000,800,40,false,30,721362,true,ok
sensitivity,Sage,17,320000,800,40,false,30,842002,true,ok
sensitivity,Sage,18,320000,800,40,false,30,792078,true,ok
sensitivity,Sage,19,320000,800,40,false,30,823607,true,ok
sensitivity,Sage,0,640000,800,40,false,30,1419889,true,ok
sensitivity,Sage,1,640000,800,40,false,30,1508052,true,ok
sensitivity,Sage,2,640000,800,40,false,30,1520388,true,ok
sensitivity,Sage,3,640000,800,40,false,30,1669543,true,ok
sensitivity,Sage,4,640000,800,40,false,30,1614513,true,ok
sensitivity,Sage,5,640000,800,40,false,30,1768726,true,ok
sensitivity,Sage,6,640000,800,40,false,30,1554952,true,ok
sensitivity,Sage,7,640000,800,40,false,30,1492431,true,ok
sensitivity,Sage,8,640000,800,40,false,30,1558345,true,ok
sensitivity,Sage,9,640000,800,40,false,30,1738400,true,ok
sensitivity,Sage,10,640000,800,40,false,30,1544079,true,ok
sensitivity,Sage,11,640000,800,40,false,30,1685678,true,ok
sensitivity,Sage,12,640000,800,40,false,30,1654016,true,ok
sensitivity,Sage,13,640000,800,40,false,30,1647256,true,ok
sensitivity,Sage,14,640000,800,40,false,30,1490060,true,ok
sensitivity,Sage,15,640000,800,40,false,30,1490835,true,ok
sensitivity,Sage,16,640000,800,40,false,30,1656114,true,ok
sensitivity,Sage,17,640000,800,40,false,30,1766142,true,ok
sensitivity,Sage,18,640000,800,40,false,30,1727748,true,ok
sensitivity,Sage,19,640000,800,40,false,30,1521777,true,ok
