experiment,strategy,seed,partition_duration_blocks,finalized_blocks,safety_violation,liveness_stall,max_finalized_height,run_status
termination,Sage,0,2,130,false,true,13,ok
termination,Sage,1,2,130,false,true,13,ok
termination,Sage,2,2,130,false,true,13,ok
termination,Sage,3,2,130,false,true,13,ok
termination,Sage,4,2,130,false,true,13,ok
termination,Sage,5,2,130,false,true,13,ok
termination,Sage,6,2,130,false,true,13,ok
termination,Sage,7,2,130,false,true,13,ok
termination,Sage,8,2,130,false,true,13,ok
termination,Sage,9,2,130,false,true,13,ok
termination,Sage,0,4,130,false,true,13,ok
termination,Sage,1,4,130,false,true,13,ok
termination,Sage,2,4,130,false,true,13,ok
termination,Sage,3,4,130,false,true,13,ok
termination,Sage,4,4,130,false,true,13,ok
termination,Sage,5,4,130,false,true,13,ok
termination,Sage,6,4,130,false,true,13,ok
termination,Sage,7,4,130,false,true,13,ok
termination,Sage,8,4,130,false,true,13,ok
termination,Sage,9,4,130,false,true,13,ok
termination,Sage,0,6,130,false,true,13,ok
termination,Sage,1,6,130,false,true,13,ok
termination,Sage,2,6,130,false,true,13,ok
termination,Sage,3,6,130,false,true,13,ok
termination,Sage,4,6,130,false,true,13,ok
termination,Sage,5,6,130,false,true,13,ok
termination,Sage,6,6,130,false,true,13,ok
termination,Sage,7,6,130,false,true,13,ok
termination,Sage,8,6,130,false,true,13,ok
termination,Sage,9,6,130,false,true,13,ok
termination,Sage,0,8,130,false,true,13,ok
termination,Sage,1,8,130,false,true,13,ok
termination,Sage,2,8,130,false,true,13,ok
termination,Sage,3,8,130,false,true,13,ok
termination,Sage,4,8,130,false,true,13,ok
termination,Sage,5,8,130,false,true,13,ok
termination,Sage,6,8,130,false,true,13,ok
termination,Sage,7,8,130,false,true,13,ok
termination,Sage,8,8,130,false,true,13,ok
termination,Sage,9,8,130,false,true,13,ok
termination,Sage,0,12,130,false,true,13,ok
termination,Sage,1,12,130,false,true,13,ok
termination,Sage,2,12,130,false,true,13,ok
termination,Sage,3,12,130,false,true,13,ok
termination,Sage,4,12,130,false,true,13,ok
termination,Sage,5,12,130,false,true,13,ok
termination,Sage,6,12,130,false,true,13,ok
termination,Sage,7,12,130,false,true,13,ok
termination,Sage,8,12,130,false,true,13,ok
termination,Sage,9,12,130,false,true,13,ok
termination,Sage,0,16,130,false,true,13,ok
termination,Sage,1,16,130,false,true,13,ok
termination,Sage,2,16,130,false,true,13,ok
termination,Sage,3,16,130,false,true,13,ok
termination,Sage,4,16,130,false,true,13,ok
termination,Sage,5,16,130,false,true,13,ok
termination,Sage,6,16,130,false,true,13,ok
termination,Sage,7,16,130,false,true,13,ok
termination,Sage,8,16,130,false,true,13,ok
termination,Sage,9,16,130,false,true,13,ok
termination,HardFork,0,2,130,false,true,13,ok
termination,HardFork,1,2,130,false,true,13,ok
termination,HardFork,2,2,130,false,true,13,ok
termination,HardFork,3,2,130,false,true,13,ok
termination,HardFork,4,2,130,false,true,13,ok
termination,HardFork,5,2,130,false,true,13,ok
termination,HardFork,6,2,130,false,true,13,ok
termination,HardFork,7,2,130,false,true,13,ok
termination,HardFork,8,2,130,false,true,13,ok
termination,HardFork,9,2,130,false,true,13,ok
termination,HardFork,0,4,130,false,true,13,ok
termination,HardFork,1,4,130,false,true,13,ok
termination,HardFork,2,4,130,false,true,13,ok
termination,HardFork,3,4,130,false,true,13,ok
termination,HardFork,4,4,130,false,true,13,ok
termination,HardFork,5,4,130,false,true,13,ok
termination,HardFork,6,4,130,false,true,13,ok
termination,HardFork,7,4,130,false,true,13,ok
termination,HardFork,8,4,130,false,true,13,ok
termination,HardFork,9,4,130,false,true,13,ok
termination,HardFork,0,6,130,false,true,13,ok
termination,HardFork,1,6,130,false,true,13,ok
termination,HardFork,2,6,130,false,true,13,ok
termination,HardFork,3,6,130,false,true,13,ok
termination,HardFork,4,6,130,false,true,13,ok
termination,HardFork,5,6,130,false,true,13,ok
termination,HardFork,6,6,130,false,true,13,ok
termination,HardFork,7,6,130,false,true,13,ok
termination,HardFork,8,6,130,false,true,13,ok
termination,HardFork,9,6,130,false,true,13,ok
termination,HardFork,0,8,130,false,true,13,ok
termination,HardFork,1,8,130,false,true,13,ok
termination,HardFork,2,8,130,false,true,13,ok
termination,HardFork,3,8,130,false,true,13,ok
termination,HardFork,4,8,130,false,true,13,ok
termination,HardFork,5,8,130,false,true,13,ok
termination,HardFork,6,8,130,false,true,13,ok
termination,HardFork,7,8,130,false,true,13,ok
termination,HardFork,8,8,130,false,true,13,ok
termination,HardFork,9,8,130,false,true,13,ok
termination,HardFork,0,12,130,false,true,13,ok
termination,HardFork,1,12,130,false,true,13,ok
termination,HardFork,2,12,130,false,true,13,ok
termination,HardFork,3,12,130,false,true,13,ok
termination,HardFork,4,12,130,false,true,13,ok
termination,HardFork,5,12,130,false,true,13,ok
termination,HardFork,6,12,130,false,true,13,ok
termination,HardFork,7,12,130,false,true,13,ok
termination,HardFork,8,12,130,false,true,13,ok
termination,HardFork,9,12,130,false,true,13,ok
termination,HardFork,0,16,130,false,true,13,ok
termination,HardFork,1,16,130,false,true,13,ok
termination,HardFork,2,16,130,false,true,13,ok
termination,HardFork,3,16,130,false,true,13,ok
termination,HardFork,4,16,130,false,true,13,ok
termination,HardFork,5,16,130,false,true,13,ok
termination,HardFork,6,16,130,false,true,13,ok
termination,HardFork,7,16,130,false,true,13,ok
termination,HardFork,8,16,130,false,true,13,ok
termination,HardFork,9,16,130,false,true,13,ok
