experiment,mode,strategy,seed,n,f,txs_per_block,offered_tps_model,committed_tps_wall,wall_seconds,cpu_user_pct,cpu_system_pct,cpu_total_pct,rss_mb_end,finalized_blocks,max_finalized_height,committed_txs,shadow_validation_count_model,shadow_validation_ns_total_proxy,shadow_validation_ns_per_tx_proxy,cutover_height,migration_success,safety_violation,generator_saturated,run_status
wan_throughput_delay50000,baseline_poa,ReconfigOnly,0,20,6,200,4000,40156.78896999021,0.199219116,100.39197242497553,0.0,100.39197242497553,26.56640625,800,40,8000,0,0,0.0,,true,false,false,ok
wan_throughput_delay50000,sage_dual_run,Sage,0,20,6,200,4000,42069.97796027477,0.190159358,99.91619765565258,0.0,99.91619765565258,26.56640625,800,40,8000,400,190222063,23777.757875,30,true,false,false,ok
wan_throughput_delay50000,cox_style,CoxStyle,0,20,6,200,4000,42926.11991939591,0.186366716,101.94953480856528,0.0,101.94953480856528,26.56640625,800,40,8000,0,0,0.0,,true,false,false,ok
wan_throughput_delay50000,baseline_poa,ReconfigOnly,1,20,6,200,4000,40348.49764033411,0.198272562,100.8712441008353,0.0,100.8712441008353,26.56640625,800,40,8000,0,0,0.0,,true,false,false,ok
wan_throughput_delay50000,sage_dual_run,Sage,1,20,6,200,4000,42135.221522161315,0.189864909,100.07115111513313,0.0,100.07115111513313,26.56640625,800,40,8000,400,189917744,23739.718,30,true,false,false,ok
wan_throughput_delay50000,cox_style,CoxStyle,1,20,6,200,4000,43062.68211544694,0.185775702,96.89103475975561,0.0,96.89103475975561,26.56640625,800,40,8000,0,0,0.0,,true,false,false,ok
wan_throughput_delay50000,baseline_poa,ReconfigOnly,2,20,6,200,4000,40536.21240971249,0.197354403,101.34053102428122,0.0,101.34053102428122,26.56640625,800,40,8000,0,0,0.0,,true,false,false,ok
wan_throughput_delay50000,sage_dual_run,Sage,2,20,6,200,4000,42607.51629927901,0.187760299,101.19285121078765,0.0,101.19285121078765,26.56640625,800,40,8000,400,187810178,23476.27225,30,true,false,false,ok
wan_throughput_delay50000,cox_style,CoxStyle,2,20,6,200,4000,43353.60981664457,0.18452904,97.54562208745028,0.0,97.54562208745028,26.56640625,800,40,8000,0,0,0.0,,true,false,false,ok
wan_throughput_delay50000,baseline_poa,ReconfigOnly,3,20,6,200,4000,40615.233464231154,0.19697043,101.53808366057788,0.0,101.53808366057788,26.56640625,800,40,8000,0,0,0.0,,true,false,false,ok
wan_throughput_delay50000,sage_dual_run,Sage,3,20,6,200,4000,40981.28204531349,0.195211072,97.33054485761954,0.0,97.33054485761954,26.56640625,800,40,8000,400,195263578,24407.94725,30,true,false,false,ok
wan_throughput_delay50000,cox_style,CoxStyle,3,20,6,200,4000,42257.37168096143,0.189316081,100.3612577422834,0.0,100.3612577422834,26.56640625,800,40,8000,0,0,0.0,,true,false,false,ok
wan_throughput_delay50000,baseline_poa,ReconfigOnly,4,20,6,200,4000,40284.40122572744,0.198588033,100.71100306431859,0.0,100.71100306431859,26.56640625,800,40,8000,0,0,0.0,,true,false,false,ok
wan_throughput_delay50000,sage_dual_run,Sage,4,20,6,200,4000,42282.79012271697,0.189202273,100.42162654145281,0.0,100.42162654145281,26.56640625,800,40,8000,400,189248601,23656.075125,30,true,false,false,ok
wan_throughput_delay50000,cox_style,CoxStyle,4,20,6,200,4000,43131.85232031169,0.185477775,102.43814926074026,0.0,102.43814926074026,26.56640625,800,40,8000,0,0,0.0,,true,false,false,ok
wan_throughput_delay50000,baseline_poa,ReconfigOnly,5,20,6,200,4000,40347.73066281925,0.198276331,95.82586032419573,0.0,95.82586032419573,26.56640625,800,40,8000,0,0,0.0,,true,false,false,ok
wan_throughput_delay50000,sage_dual_run,Sage,5,20,6,200,4000,42188.22786228906,0.189626358,100.19704117293654,0.0,100.19704117293654,26.56640625,800,40,8000,400,189687998,23710.99975,30,true,false,false,ok
wan_throughput_delay50000,cox_style,CoxStyle,5,20,6,200,4000,42946.72604652797,0.186277296,101.9984743605039,0.0,101.9984743605039,26.56640625,800,40,8000,0,0,0.0,,true,false,false,ok
wan_throughput_delay50000,baseline_poa,ReconfigOnly,6,20,6,200,4000,40785.23777503028,0.196149402,96.86493971569692,0.0,96.86493971569692,26.56640625,800,40,8000,0,0,0.0,,true,false,false,ok
wan_throughput_delay50000,sage_dual_run,Sage,6,20,6,200,4000,42440.90301870101,0.188497403,100.79714466941489,0.0,100.79714466941489,26.56640625,800,40,8000,400,188554784,23569.348,30,true,false,false,ok
wan_throughput_delay50000,cox_style,CoxStyle,6,20,6,200,4000,43027.16153574847,0.185929067,102.18950864740262,0.0,102.18950864740262,26.56640625,800,40,8000,0,0,0.0,,true,false,false,ok
wan_throughput_delay50000,baseline_poa,ReconfigOnly,7,20,6,200,4000,41018.575944050084,0.195033587,97.41911786711896,0.0,97.41911786711896,26.56640625,800,40,8000,0,0,0.0,,true,false,false,ok
wan_throughput_delay50000,sage_dual_run,Sage,7,20,6,200,4000,42031.32055269106,0.190334253,99.82438631264127,0.0,99.82438631264127,26.56640625,800,40,8000,400,190388462,23798.55775,30,true,false,false,ok
wan_throughput_delay50000,cox_style,CoxStyle,7,20,6,200,4000,43174.11891175575,0.185296196,102.53853241541991,0.0,102.53853241541991,26.56640625,800,40,8000,0,0,0.0,,true,false,false,ok
wan_throughput_delay50000,baseline_poa,ReconfigOnly,8,20,6,200,4000,39916.86793333599,0.200416526,99.79216983334,0.0,99.79216983334,26.56640625,800,40,8000,0,0,0.0,,true,false,false,ok
wan_throughput_delay50000,sage_dual_run,Sage,8,20,6,200,4000,40994.28313199726,0.195149162,102.48570782999316,0.0,102.48570782999316,26.56640625,800,40,8000,400,195207308,24400.9135,30,true,false,false,ok
wan_throughput_delay50000,cox_style,CoxStyle,8,20,6,200,4000,42632.136909483954,0.187651865,95.92230804633888,0.0,95.92230804633888,26.56640625,800,40,8000,0,0,0.0,,true,false,false,ok
wan_throughput_delay50000,baseline_poa,ReconfigOnly,9,20,6,200,4000,40147.00629294287,0.19926766,100.36751573235718,0.0,100.36751573235718,26.56640625,800,40,8000,0,0,0.0,,true,false,false,ok
wan_throughput_delay50000,sage_dual_run,Sage,9,20,6,200,4000,42280.09580458309,0.18921433,100.41522753588485,0.0,100.41522753588485,26.56640625,800,40,8000,400,189272890,23659.11125,30,true,false,false,ok
wan_throughput_delay50000,cox_style,CoxStyle,9,20,6,200,4000,42667.626290027016,0.187495783,101.33561243881415,0.0,101.33561243881415,26.56640625,800,40,8000,0,0,0.0,,true,false,false,ok
wan_throughput_delay80000,baseline_poa,ReconfigOnly,0,20,6,200,2500,40447.498381126796,0.197787263,101.11874595281701,0.0,101.11874595281701,26.56640625,800,40,8000,0,0,0.0,,true,false,false,ok
wan_throughput_delay80000,sage_dual_run,Sage,0,20,6,200,2500,42166.14263463062,0.189725678,100.14458875724772,0.0,100.14458875724772,26.56640625,800,40,8000,400,189786991,23723.373875,30,true,false,false,ok
wan_throughput_delay80000,cox_style,CoxStyle,0,20,6,200,2500,43185.49419978866,0.185247388,97.16736194952448,0.0,97.16736194952448,26.56640625,800,40,8000,0,0,0.0,,true,false,false,ok
wan_throughput_delay80000,baseline_poa,ReconfigOnly,1,20,6,200,2500,40758.07471591941,0.196280125,101.89518678979852,0.0,101.89518678979852,26.56640625,800,40,8000,0,0,0.0,,true,false,false,ok
wan_throughput_delay80000,sage_dual_run,Sage,1,20,6,200,2500,42209.41088045597,0.189531193,100.24735084108293,0.0,100.24735084108293,26.56640625,800,40,8000,400,189586778,23698.34725,30,true,false,false,ok
wan_throughput_delay80000,cox_style,CoxStyle,1,20,6,200,2500,42982.758895445826,0.186121138,96.71120751475311,0.0,96.71120751475311,26.56640625,800,40,8000,0,0,0.0,,true,false,false,ok
wan_throughput_delay80000,baseline_poa,ReconfigOnly,2,20,6,200,2500,40478.60792852975,0.197635255,101.19651982132439,0.0,101.19651982132439,26.56640625,800,40,8000,0,0,0.0,,true,false,false,ok
wan_throughput_delay80000,sage_dual_run,Sage,2,20,6,200,2500,41808.59465133451,0.191348216,99.29541229691947,0.0,99.29541229691947,26.56640625,800,40,8000,400,191408661,23926.082625,30,true,false,false,ok
wan_throughput_delay80000,cox_style,CoxStyle,2,20,6,200,2500,42433.386465414165,0.188530793,100.77929285535865,0.0,100.77929285535865,26.56640625,800,40,8000,0,0,0.0,,true,false,false,ok
wan_throughput_delay80000,baseline_poa,ReconfigOnly,3,20,6,200,2500,40427.35555419562,0.19788581,101.06838888548906,0.0,101.06838888548906,26.56640625,800,40,8000,0,0,0.0,,true,false,false,ok
wan_throughput_delay80000,sage_dual_run,Sage,3,20,6,200,2500,41850.4268777545,0.191156951,99.39476383466695,0.0,99.39476383466695,26.56640625,800,40,8000,400,191213154,23901.64425,30,true,false,false,ok
wan_throughput_delay80000,cox_style,CoxStyle,3,20,6,200,2500,42960.3867160835,0.186218063,102.03091845069832,0.0,102.03091845069832,26.56640625,800,40,8000,0,0,0.0,,true,false,false,ok
wan_throughput_delay80000,baseline_poa,ReconfigOnly,4,20,6,200,2500,40697.12775798521,0.196574069,96.65567842521487,0.0,96.65567842521487,26.56640625,800,40,8000,0,0,0.0,,true,false,false,ok
wan_throughput_delay80000,sage_dual_run,Sage,4,20,6,200,2500,42353.12299593625,0.188888078,100.5886671153486,0.0,100.5886671153486,26.56640625,800,40,8000,400,188940298,23617.53725,30,true,false,false,ok
wan_throughput_delay80000,cox_style,CoxStyle,4,20,6,200,2500,43204.333887218294,0.185166609,102.61029298214343,0.0,102.61029298214343,26.56640625,800,40,8000,0,0,0.0,,true,false,false,ok
wan_throughput_delay80000,baseline_poa,ReconfigOnly,5,20,6,200,2500,39943.50410750786,0.200282879,99.85876026876966,0.0,99.85876026876966,26.56640625,800,40,8000,0,0,0.0,,true,false,false,ok
wan_throughput_delay80000,sage_dual_run,Sage,5,20,6,200,2500,41843.59883738397,0.191188144,99.37854723878694,0.0,99.37854723878694,26.56640625,800,40,8000,400,191242630,23905.32875,30,true,false,false,ok
wan_throughput_delay80000,cox_style,CoxStyle,5,20,6,200,2500,43081.60270002744,0.185694113,96.93360607506173,0.0,96.93360607506173,26.56640625,800,40,8000,0,0,0.0,,true,false,false,ok
wan_throughput_delay80000,baseline_poa,ReconfigOnly,6,20,6,200,2500,40643.40625559736,0.196833896,101.6085156389934,0.0,101.6085156389934,26.56640625,800,40,8000,0,0,0.0,,true,false,false,ok
wan_throughput_delay80000,sage_dual_run,Sage,6,20,6,200,2500,42265.27972939909,0.189280659,100.38003935732283,0.0,100.38003935732283,26.56640625,800,40,8000,400,189330869,23666.358625,30,true,false,false,ok
wan_throughput_delay80000,cox_style,CoxStyle,6,20,6,200,2500,42849.148965821594,0.186701491,101.76672879382629,0.0,101.76672879382629,26.56640625,800,40,8000,0,0,0.0,,true,false,false,ok
wan_throughput_delay80000,baseline_poa,ReconfigOnly,7,20,6,200,2500,40606.96097620799,0.197010557,96.44153231849398,0.0,96.44153231849398,26.56640625,800,40,8000,0,0,0.0,,true,false,false,ok
wan_throughput_delay80000,sage_dual_run,Sage,7,20,6,200,2500,42302.52361045292,0.189114013,100.46849357482569,0.0,100.46849357482569,26.56640625,800,40,8000,400,189180432,23647.554,30,true,false,false,ok
wan_throughput_delay80000,cox_style,CoxStyle,7,20,6,200,2500,43189.25783822271,0.185231245,102.57448736577892,0.0,102.57448736577892,26.56640625,800,40,8000,0,0,0.0,,true,false,false,ok
wan_throughput_delay80000,baseline_poa,ReconfigOnly,8,20,6,200,2500,40851.562670826555,0.195830942,97.02246134321307,0.0,97.02246134321307,26.56640625,800,40,8000,0,0,0.0,,true,false,false,ok
wan_throughput_delay80000,sage_dual_run,Sage,8,20,6,200,2500,41976.18374176142,0.190584262,104.94045935440357,0.0,104.94045935440357,26.56640625,800,40,8000,400,190648361,23831.045125,30,true,false,false,ok
wan_throughput_delay80000,cox_style,CoxStyle,8,20,6,200,2500,43403.962485542885,0.184314969,97.6589155924715,0.0,97.6589155924715,26.56640625,800,40,8000,0,0,0.0,,true,false,false,ok
wan_throughput_delay80000,baseline_poa,ReconfigOnly,9,20,6,200,2500,40976.78304132808,0.195232505,97.3198597231542,0.0,97.3198597231542,26.56640625,800,40,8000,0,0,0.0,,true,false,false,ok
wan_throughput_delay80000,sage_dual_run,Sage,9,20,6,200,2500,41330.9602473658,0.1935595,103.3274006184145,0.0,103.3274006184145,26.56640625,800,40,8000,400,193600520,24200.065,30,true,false,false,ok
wan_throughput_delay80000,cox_style,CoxStyle,9,20,6,200,2500,43207.450191504606,0.185153254,97.21676293088535,0.0,97.21676293088535,26.56640625,800,40,8000,0,0,0.0,,true,false,false,ok
wan_throughput_delay120000,baseline_poa,ReconfigOnly,0,20,6,200,1666,40722.21893701377,0.196452949,101.80554734253444,0.0,101.80554734253444,26.56640625,800,40,8000,0,0,0.0,,true,false,false,ok
wan_throughput_delay120000,sage_dual_run,Sage,0,20,6,200,1666,42009.38050562469,0.190433658,99.77227870085864,0.0,99.77227870085864,26.56640625,800,40,8000,400,190483920,23810.49,30,true,false,false,ok
wan_throughput_delay120000,cox_style,CoxStyle,0,20,6,200,1666,43217.81224724839,0.185108861,102.64230408721492,0.0,102.64230408721492,26.56640625,800,40,8000,0,0,0.0,,true,false,false,ok
wan_throughput_delay120000,baseline_poa,ReconfigOnly,1,20,6,200,1666,39861.29465299597,0.20069594,99.65323663248994,0.0,99.65323663248994,26.56640625,800,40,8000,0,0,0.0,,true,false,false,ok
wan_throughput_delay120000,sage_dual_run,Sage,1,20,6,200,1666,42022.22171853921,0.190375465,99.80277658153062,0.0,99.80277658153062,26.56640625,800,40,8000,400,190423946,23802.99325,30,true,false,false,ok
wan_throughput_delay120000,cox_style,CoxStyle,1,20,6,200,1666,43234.34888603106,0.185038059,97.27728499356988,5.404293610753882,102.68157860432376,26.56640625,800,40,8000,0,0,0.0,,true,false,false,ok
wan_throughput_delay120000,baseline_poa,ReconfigOnly,2,20,6,200,1666,40767.75570167002,0.196233515,101.91938925417507,0.0,101.91938925417507,26.69140625,800,40,8000,0,0,0.0,,true,false,false,ok
wan_throughput_delay120000,sage_dual_run,Sage,2,20,6,200,1666,42297.93984658759,0.189134507,100.45760713564553,0.0,100.45760713564553,26.69140625,800,40,8000,400,189179999,23647.499875,30,true,false,false,ok
wan_throughput_delay120000,cox_style,CoxStyle,2,20,6,200,1666,43486.359495004435,0.183965733,97.84430886375996,0.0,97.84430886375996,26.69140625,800,40,8000,0,0,0.0,,true,false,false,ok
wan_throughput_delay120000,baseline_poa,ReconfigOnly,3,20,6,200,1666,40762.49881903398,0.196258822,101.90624704758496,0.0,101.90624704758496,26.69140625,800,40,8000,0,0,0.0,,true,false,false,ok
wan_throughput_delay120000,sage_dual_run,Sage,3,20,6,200,1666,42552.57198728974,0.188002737,95.74328697140191,0.0,95.74328697140191,26.69140625,800,40,8000,400,188057157,23507.144625,30,true,false,false,ok
wan_throughput_delay120000,cox_style,CoxStyle,3,20,6,200,1666,43269.62251013408,0.184887215,102.76535346156845,0.0,102.76535346156845,26.69140625,800,40,8000,0,0,0.0,,true,false,false,ok
wan_throughput_delay120000,baseline_poa,ReconfigOnly,4,20,6,200,1666,40818.36057616198,0.195990233,96.94360636838469,0.0,96.94360636838469,26.69140625,800,40,8000,0,0,0.0,,true,false,false,ok
wan_throughput_delay120000,sage_dual_run,Sage,4,20,6,200,1666,42500.62364352619,0.188232532,95.62640319793391,0.0,95.62640319793391,26.69140625,800,40,8000,400,188282736,23535.342,30,true,false,false,ok
wan_throughput_delay120000,cox_style,CoxStyle,4,20,6,200,1666,43253.02731182133,0.184958152,102.72593986557565,0.0,102.72593986557565,26.69140625,800,40,8000,0,0,0.0,,true,false,false,ok
wan_throughput_delay120000,baseline_poa,ReconfigOnly,5,20,6,200,1666,41133.14069586662,0.194490376,97.69120915268323,0.0,97.69120915268323,26.69140625,800,40,8000,0,0,0.0,,true,false,false,ok
wan_throughput_delay120000,sage_dual_run,Sage,5,20,6,200,1666,42521.35972805634,0.188140738,100.98822935413384,0.0,100.98822935413384,26.69140625,800,40,8000,400,188186011,23523.251375,30,true,false,false,ok
wan_throughput_delay120000,cox_style,CoxStyle,5,20,6,200,1666,43502.77491966057,0.183896315,97.88124356923628,0.0,97.88124356923628,26.69140625,800,40,8000,0,0,0.0,,true,false,false,ok
wan_throughput_delay120000,baseline_poa,ReconfigOnly,6,20,6,200,1666,41354.32712630213,0.193450131,103.38581781575533,0.0,103.38581781575533,26.69140625,800,40,8000,0,0,0.0,,true,false,false,ok
wan_throughput_delay120000,sage_dual_run,Sage,6,20,6,200,1666,42596.393068418874,0.187809329,101.16643353749484,0.0,101.16643353749484,26.69140625,800,40,8000,400,187868648,23483.581,30,true,false,false,ok
wan_throughput_delay120000,cox_style,CoxStyle,6,20,6,200,1666,43218.702495893034,0.185105048,97.24208061575933,0.0,97.24208061575933,26.69140625,800,40,8000,0,0,0.0,,true,false,false,ok
wan_throughput_delay120000,baseline_poa,ReconfigOnly,7,20,6,200,1666,40930.53420665791,0.195453105,102.32633551664479,0.0,102.32633551664479,26.69140625,800,40,8000,0,0,0.0,,true,false,false,ok
wan_throughput_delay120000,sage_dual_run,Sage,7,20,6,200,1666,42404.49021995029,0.188659266,95.41010299488815,0.0,95.41010299488815,26.69140625,800,40,8000,400,188720141,23590.017625,30,true,false,false,ok
wan_throughput_delay120000,cox_style,CoxStyle,7,20,6,200,1666,43310.17127028884,0.184714116,102.861656766936,0.0,102.861656766936,26.69140625,800,40,8000,0,0,0.0,,true,false,false,ok
wan_throughput_delay120000,baseline_poa,ReconfigOnly,8,20,6,200,1666,41085.575398861336,0.19471554,97.57824157229568,0.0,97.57824157229568,26.69140625,800,40,8000,0,0,0.0,,true,false,false,ok
wan_throughput_delay120000,sage_dual_run,Sage,8,20,6,200,1666,42822.772229582086,0.18681649,101.70408404525746,0.0,101.70408404525746,26.69140625,800,40,8000,400,186862769,23357.846125,30,true,false,false,ok
wan_throughput_delay120000,cox_style,CoxStyle,8,20,6,200,1666,43686.6041843379,0.183122496,98.29485941476027,0.0,98.29485941476027,26.69140625,800,40,8000,0,0,0.0,,true,false,false,ok
wan_throughput_delay120000,baseline_poa,ReconfigOnly,9,20,6,200,1666,40727.89878172265,0.196425552,101.81974695430665,0.0,101.81974695430665,26.69140625,800,40,8000,0,0,0.0,,true,false,false,ok
wan_throughput_delay120000,sage_dual_run,Sage,9,20,6,200,1666,42616.81522089388,0.18771933,101.21493614962296,0.0,101.21493614962296,26.69140625,800,40,8000,400,187772674,23471.58425,30,true,false,false,ok
wan_throughput_delay120000,cox_style,CoxStyle,9,20,6,200,1666,41745.635711646384,0.191636799,99.14588481516017,0.0,99.14588481516017,26.69140625,800,40,8000,0,0,0.0,,true,false,false,ok
wan_throughput_delay200000,baseline_poa,ReconfigOnly,0,20,6,200,1000,40223.25111063939,0.19888994,100.55812777659847,0.0,100.55812777659847,26.69140625,800,40,8000,0,0,0.0,,true,false,false,ok
wan_throughput_delay200000,sage_dual_run,Sage,0,20,6,200,1000,42126.85893782844,0.189902599,100.05128997734253,0.0,100.05128997734253,26.69140625,800,40,8000,400,189960499,23745.062375,30,true,false,false,ok
wan_throughput_delay200000,cox_style,CoxStyle,0,20,6,200,1000,42728.70076415207,0.187227785,101.48066431486117,0.0,101.48066431486117,26.69140625,800,40,8000,0,0,0.0,,true,false,false,ok
wan_throughput_delay200000,baseline_poa,ReconfigOnly,1,20,6,200,1000,40790.35576894509,0.196124791,96.87709495124459,0.0,96.87709495124459,26.64453125,800,40,8000,0,0,0.0,,true,false,false,ok
wan_throughput_delay200000,sage_dual_run,Sage,1,20,6,200,1000,42713.100476850654,0.187296167,101.4436136325203,0.0,101.4436136325203,26.64453125,800,40,8000,400,187347012,23418.3765,30,true,false,false,ok
wan_throughput_delay200000,cox_style,CoxStyle,1,20,6,200,1000,43321.69227114963,0.184664993,97.47380761008667,0.0,97.47380761008667,26.64453125,800,40,8000,0,0,0.0,,true,false,false,ok
wan_throughput_delay200000,baseline_poa,ReconfigOnly,2,20,6,200,1000,40807.11807130013,0.196044229,102.01779517825031,0.0,102.01779517825031,26.64453125,800,40,8000,0,0,0.0,,true,false,false,ok
wan_throughput_delay200000,sage_dual_run,Sage,2,20,6,200,1000,42360.83185321056,0.188853704,100.60697565137508,0.0,100.60697565137508,26.64453125,800,40,8000,400,188908131,23613.516375,30,true,false,false,ok
wan_throughput_delay200000,cox_style,CoxStyle,2,20,6,200,1000,43184.00459287799,0.185253778,97.16401033397547,0.0,97.16401033397547,26.64453125,800,40,8000,0,0,0.0,,true,false,false,ok
wan_throughput_delay200000,baseline_poa,ReconfigOnly,3,20,6,200,1000,40996.74210677041,0.195137457,102.49185526692604,0.0,102.49185526692604,26.64453125,800,40,8000,0,0,0.0,,true,false,false,ok
wan_throughput_delay200000,sage_dual_run,Sage,3,20,6,200,1000,42373.98761326772,0.188795071,100.63822058151084,0.0,100.63822058151084,26.64453125,800,40,8000,400,188855356,23606.9195,30,true,false,false,ok
wan_throughput_delay200000,cox_style,CoxStyle,3,20,6,200,1000,42990.293699852526,0.186088517,96.72816082466818,0.0,96.72816082466818,26.64453125,800,40,8000,0,0,0.0,,true,false,false,ok
wan_throughput_delay200000,baseline_poa,ReconfigOnly,4,20,6,200,1000,41014.01491954517,0.195055276,102.53503729886293,0.0,102.53503729886293,26.64453125,800,40,8000,0,0,0.0,,true,false,false,ok
wan_throughput_delay200000,sage_dual_run,Sage,4,20,6,200,1000,42405.43336577172,0.18865507,100.71290424370784,0.0,100.71290424370784,26.64453125,800,40,8000,400,188707526,23588.44075,30,true,false,false,ok
wan_throughput_delay200000,cox_style,CoxStyle,4,20,6,200,1000,43833.592407215256,0.182508427,98.62558291623432,0.0,98.62558291623432,26.64453125,800,40,8000,0,0,0.0,,true,false,false,ok
wan_throughput_delay200000,baseline_poa,ReconfigOnly,5,20,6,200,1000,40403.61453361853,0.198002087,101.00903633404631,0.0,101.00903633404631,26.64453125,800,40,8000,0,0,0.0,,true,false,false,ok
wan_throughput_delay200000,sage_dual_run,Sage,5,20,6,200,1000,43025.690699076746,0.185935423,96.80780407292268,0.0,96.80780407292268,26.64453125,800,40,8000,400,185996294,23249.53675,30,true,false,false,ok
wan_throughput_delay200000,cox_style,CoxStyle,5,20,6,200,1000,43664.70107467671,0.183214354,103.7036650523572,0.0,103.7036650523572,26.64453125,800,40,8000,0,0,0.0,,true,false,false,ok
wan_throughput_delay200000,baseline_poa,ReconfigOnly,6,20,6,200,1000,39925.84353488127,0.200371471,99.8146088372032,0.0,99.8146088372032,26.64453125,800,40,8000,0,0,0.0,,true,false,false,ok
wan_throughput_delay200000,sage_dual_run,Sage,6,20,6,200,1000,42389.43478944998,0.188726272,95.37622827626245,0.0,95.37622827626245,26.64453125,800,40,8000,400,188782833,23597.854125,30,true,false,false,ok
wan_throughput_delay200000,cox_style,CoxStyle,6,20,6,200,1000,42954.40021009856,0.186244016,102.01670049898408,0.0,102.01670049898408,26.64453125,800,40,8000,0,0,0.0,,true,false,false,ok
wan_throughput_delay200000,baseline_poa,ReconfigOnly,7,20,6,200,1000,40510.16106748893,0.197481318,101.27540266872232,0.0,101.27540266872232,26.64453125,800,40,8000,0,0,0.0,,true,false,false,ok
wan_throughput_delay200000,sage_dual_run,Sage,7,20,6,200,1000,42512.85515670969,0.188178375,100.96803099718552,0.0,100.96803099718552,26.64453125,800,40,8000,400,188232245,23529.030625,30,true,false,false,ok
wan_throughput_delay200000,cox_style,CoxStyle,7,20,6,200,1000,43170.661926153836,0.185311034,97.13398933384613,0.0,97.13398933384613,26.64453125,800,40,8000,0,0,0.0,,true,false,false,ok
wan_throughput_delay200000,baseline_poa,ReconfigOnly,8,20,6,200,1000,40842.5461949874,0.195874174,102.1063654874685,0.0,102.1063654874685,26.64453125,800,40,8000,0,0,0.0,,true,false,false,ok
wan_throughput_delay200000,sage_dual_run,Sage,8,20,6,200,1000,41973.575483087654,0.190596105,99.68724177233318,0.0,99.68724177233318,26.64453125,800,40,8000,400,190654710,23831.83875,30,true,false,false,ok
wan_throughput_delay200000,cox_style,CoxStyle,8,20,6,200,1000,42751.58613728518,0.18712756,101.5350170760523,0.0,101.5350170760523,26.64453125,800,40,8000,0,0,0.0,,true,false,false,ok
wan_throughput_delay200000,baseline_poa,ReconfigOnly,9,20,6,200,1000,41127.120402513596,0.194518846,97.67691095596979,0.0,97.67691095596979,26.64453125,800,40,8000,0,0,0.0,,true,false,false,ok
wan_throughput_delay200000,sage_dual_run,Sage,9,20,6,200,1000,42692.054891715154,0.187388497,101.39363036782349,0.0,101.39363036782349,26.64453125,800,40,8000,400,187444172,23430.5215,30,true,false,false,ok
wan_throughput_delay200000,cox_style,CoxStyle,9,20,6,200,1000,43640.59367943572,0.183315563,98.19133577873038,0.0,98.19133577873038,26.64453125,800,40,8000,0,0,0.0,,true,false,false,ok
